success,url,start_date,end_date,duration,backers,funded,goal,currency,category,country/state,status,updates
0,https://www.kicktraq.com/projects/juliaspeller/the-two-sides-of-the-force-star-wars-aurebesh-posters/,08.02.2022,10.03.2022,30,11,486.0,1000.0,$,art,NY,ended,0
0,https://www.kicktraq.com/projects/dragonfeud/dragonfeud-games/,08.02.2022,10.03.2022,30,1,1.0,220000.0,€,games,Belgium,cancelled,1
0,https://www.kicktraq.com/projects/bridgerco/bridger-helmet/,08.02.2022,10.03.2022,30,124,53874.0,65000.0,$,design,MA,cancelled,0
0,https://www.kicktraq.com/projects/sorolla-documentary/the-man-who-painted-spain-a-feature-length-documentary/,01.02.2022,10.03.2022,38,42,18545.0,30000.0,€,film & video,Spain,ended,3
0,https://www.kicktraq.com/projects/grillrescue/swappable-cooking-utensils-for-a-clutter-free-kitchen/,08.02.2022,10.03.2022,30,81,6551.0,10000.0,$,design,FL,cancelled,0
0,https://www.kicktraq.com/projects/inspiruskids/inspirus-diverse-faith-based-curriculum/,08.02.2022,10.03.2022,31,76,11937.0,30000.0,$,publishing,MI,ended,3
0,https://www.kicktraq.com/projects/ibookcast/ibookcastwe-need-you-to-reach-our-goal/,07.01.2022,08.03.2022,60,1,1.0,200000.0,£,publishing,Egypt,ended,0
0,https://www.kicktraq.com/projects/greengreenmeadows/kitty-and-slushy-ita-bag/,14.02.2022,11.03.2022,25,17,1178.0,2500.0,£,fashion,UK,cancelled,1
0,https://www.kicktraq.com/projects/1119016271/accessible-arcade-gaming-collection-one-button-control/,26.02.2022,08.03.2022,10,1,1.0,600.0,£,games,UK,ended,0
0,https://www.kicktraq.com/projects/prisms996/prism-k2-professional-programmable-macro-keypad/,05.02.2022,08.03.2022,31,47,1687.0,5000.0,£,technology,UK,ended,2
0,https://www.kicktraq.com/projects/owofriends/connected-by-the-stars/,19.02.2022,11.03.2022,21,2,22.0,160.0,$,art,Canada,ended,0
0,https://www.kicktraq.com/projects/gold123/survival-turfs-feature-film/,08.02.2022,11.03.2022,31,2,11.0,112300.0,$,film & video,NY,ended,0
0,https://www.kicktraq.com/projects/blainecoffeeroaster/blaine-coffee-roaster/,14.02.2022,11.03.2022,26,4,76.0,15000.0,$,food,WA,cancelled,0
0,https://www.kicktraq.com/projects/1545watches/1545-01-swiss-made-selfwinding-watch/,09.02.2022,11.03.2022,30,6,2929.0,15000.0,CHF,design,Switzerland,ended,0
0,https://www.kicktraq.com/projects/swaimeyewear/swaim-eyewear/,09.02.2022,11.03.2022,31,38,2491.0,18600.0,$,fashion,NM,ended,0
0,https://www.kicktraq.com/projects/goldilocksbeanery/goldilocks-beanery/,09.02.2022,11.03.2022,30,2,21.0,100000.0,$,food,NY,ended,0
0,https://www.kicktraq.com/projects/1338587554/drehwurm/,07.02.2022,09.03.2022,30,13,2028.0,3500.0,€,games,Germany,ended,1
0,https://www.kicktraq.com/projects/dyemakersbooklet/yarn-dyers-color-catalog-and-swatch-book/,08.01.2022,09.03.2022,60,7,373.0,10000.0,$,crafts,MN,ended,0
0,https://www.kicktraq.com/projects/245233268/farming-sim-dating-candidate-pins/,16.02.2022,08.03.2022,20,5,281.0,950.0,$,art,CO,cancelled,1
0,https://www.kicktraq.com/projects/supersonic-symbiotic/supersonic-symbiotics-first-vinyl/,04.02.2022,06.03.2022,30,12,657.0,1000.0,$,music,CA,ended,0
0,https://www.kicktraq.com/projects/dacrocomics/out-of-place-0/,21.01.2022,07.03.2022,45,62,2213.0,5000.0,$,comics,TX,ended,1
0,https://www.kicktraq.com/projects/angrycat/brand-new-unique-range-of-collectable-art-toys/,06.01.2022,07.03.2022,60,10,978.0,24690.0,£,art,UK,cancelled,0
0,https://www.kicktraq.com/projects/tallergarciacarla/escuela-de-cocina-para-todos/,09.01.2022,10.03.2022,60,1,1.0,29999.0,€,dance,Spain,ended,0
0,https://www.kicktraq.com/projects/olman/qpc/,05.01.2022,06.03.2022,60,3,1419.0,90000.0,MX$,technology,NY,cancelled,1
0,https://www.kicktraq.com/projects/phalenahair/vegan-haircare-that-treats-the-scalp-like-skincare/,04.02.2022,06.03.2022,30,1,1.0,10000.0,$,design,IL,ended,0
0,https://www.kicktraq.com/projects/afk42/elephant-shooz-the-secret-way-to-say-i-love-you/,04.02.2022,06.03.2022,30,16,600.0,15000.0,$,art,MA,ended,1
0,https://www.kicktraq.com/projects/riosdesangre/rios-de-sangre/,05.01.2022,06.03.2022,60,1,19.0,12000.0,MX$,film & video,Mexico,cancelled,0
0,https://www.kicktraq.com/projects/paradoxmountainbike/paradox-mountain-bike/,07.01.2022,08.03.2022,60,36,2353.0,94120.0,$,technology,CT,ended,18
0,https://www.kicktraq.com/projects/kevinypeij/sparkss/,05.02.2022,07.03.2022,30,1,1.0,10000.0,€,technology,Netherlands,ended,0
0,https://www.kicktraq.com/projects/fernleafcandle/fern-leaf-candle-co/,21.02.2022,08.03.2022,15,6,161.0,2500.0,$,crafts,VA,ended,0
0,https://www.kicktraq.com/projects/808359033/discover-contemporary-casual-fashion-with-comfortable-style/,05.02.2022,07.03.2022,30,2,5630.0,370756.0,$,fashion,Poland,ended,0
0,https://www.kicktraq.com/projects/atomautonom/digital-sketches-0/,06.01.2022,07.03.2022,60,7,1864.0,10000.0,kr,art,Denmark,ended,0
0,https://www.kicktraq.com/projects/jreadchickadee/chickadee-a-childrens-book-for-all-ages/,05.02.2022,07.03.2022,31,15,1101.0,8500.0,$,music,NJ,ended,0
0,https://www.kicktraq.com/projects/briansrocknrollradio/rock-and-roll-mania-music-hunting-and-sports/,06.01.2022,07.03.2022,60,1,1.0,3200.0,$,music,MO,ended,0
0,https://www.kicktraq.com/projects/1986569257/digital-sketches/,06.01.2022,07.03.2022,60,1,6.0,10000.0,kr,art,Denmark,cancelled,0
0,https://www.kicktraq.com/projects/umamibee/oblivion-2022/,06.01.2022,07.03.2022,60,1,1.0,350000.0,$,art,CA,ended,0
0,https://www.kicktraq.com/projects/battlegrounds/even-more-sci-fi-content-add-ons-for-mapforge/,04.02.2022,07.03.2022,31,22,1629.0,2500.0,$,games,VA,ended,2
0,https://www.kicktraq.com/projects/modernapologetics/modern-apologetics-defending-the-gospel-in-the-21st-century/,05.02.2022,07.03.2022,30,5,81.0,5000.0,$,publishing,IL,ended,4
0,https://www.kicktraq.com/projects/achahink/piel-dorada/,26.01.2022,07.03.2022,40,3,3019.0,35000.0,MX$,film & video,Mexico,ended,0
0,https://www.kicktraq.com/projects/replymie/replymie-stops-you-leaving-people-hanging/,06.01.2022,07.03.2022,60,1,1.0,8000.0,£,technology,UK,cancelled,0
0,https://www.kicktraq.com/projects/1880321622/evo-tale-of-100-souls-1-the-begining/,26.01.2022,07.03.2022,40,3,32.0,30000.0,$,comics,FL,ended,0
0,https://www.kicktraq.com/projects/1262477586/lympha-interpreter/,07.02.2022,07.03.2022,29,2,109.0,25000.0,kr,technology,Sweden,ended,0
0,https://www.kicktraq.com/projects/1506953051/under-the-radar-startup/,05.02.2022,07.03.2022,30,5,171.0,500.0,£,games,UK,cancelled,8
0,https://www.kicktraq.com/projects/x37adventures/adventure-art-starter-kit-2022/,29.01.2022,07.03.2022,37,9,931.0,6300.0,$,social practice,MO,ended,0
0,https://www.kicktraq.com/projects/takopen/spiralis-3d/,21.02.2022,07.03.2022,14,6,213.0,3000.0,£,design,UK,ended,0
0,https://www.kicktraq.com/projects/1615981130/lisa/,08.02.2022,07.03.2022,28,8,2454.0,4000.0,$,film & video,NY,ended,0
0,https://www.kicktraq.com/projects/scottbryan/my-best-friends-head-exploded/,07.01.2022,07.03.2022,60,8,329.0,8500.0,$,film & video,OH,ended,0
0,https://www.kicktraq.com/projects/1964776031/shen-long-karate-do-dojo-mexico/,06.01.2022,07.03.2022,60,1,19.0,100000.0,MX$,art,Mexico,cancelled,0
0,https://www.kicktraq.com/projects/kingflyz/king-flyz-ft-young-kasper-day-n-night-music-video/,26.01.2022,07.03.2022,40,2,6.0,1000.0,$,music,CA,ended,0
0,https://www.kicktraq.com/projects/hellkingbook/hellking-dark-fiction-novel/,06.02.2022,08.03.2022,30,2,39.0,5000.0,$,publishing,ID,cancelled,3
0,https://www.kicktraq.com/projects/throwigames/not-one-but-two-mork-borg-compatible-adventures/,28.02.2022,07.03.2022,8,62,892.0,1000.0,$,games,CT,cancelled,1
0,https://www.kicktraq.com/projects/valhallarockopera/a-krampus-karol-movie-a-wacky-new-christmas-musical/,05.02.2022,07.03.2022,30,12,11487.0,50000.0,$,film & video,UT,ended,1
0,https://www.kicktraq.com/projects/metadreamsllc/when-gods-collide/,05.02.2022,07.03.2022,30,11,350.0,4900.0,$,games,NY,ended,5
0,https://www.kicktraq.com/projects/bwdillon/the-outer-circle-0/,20.01.2022,06.03.2022,45,20,16687.0,35000.0,$,film & video,CA,ended,3
0,https://www.kicktraq.com/projects/mdaconsultingg/libro-los-tres-pilares-del-negocio-moderno/,05.02.2022,07.03.2022,30,1,1.0,4300.0,€,publishing,Spain,ended,0
0,https://www.kicktraq.com/projects/329676601/modern-living-0/,05.01.2022,06.03.2022,60,6,63.0,15000.0,$,film & video,CO,ended,0
0,https://www.kicktraq.com/projects/papercutzzart/2d-animated-series-pangea/,01.02.2022,07.03.2022,35,53,49112.0,65000.0,kr,film & video,Denmark,ended,1
0,https://www.kicktraq.com/projects/reneefuchs/make-100-lunar-calendar/,05.02.2022,07.03.2022,30,1,1.0,500.0,€,design,Germany,cancelled,0
0,https://www.kicktraq.com/projects/crest/launching-crest-apparel/,05.01.2022,06.03.2022,60,2,2.0,5000.0,$,fashion,AU,ended,0
0,https://www.kicktraq.com/projects/keyvan-estermann/cartoon-fair-le-salon-des-dessins-animes-2022/,04.02.2022,07.03.2022,31,28,1361.0,3000.0,€,film & video,France,ended,3
0,https://www.kicktraq.com/projects/yukusavi/yuku-savi-mezcal-artesanal/,05.01.2022,06.03.2022,60,4,5419.0,78500.0,MX$,food,Mexico,ended,0
0,https://www.kicktraq.com/projects/retromiami/vol-01-retro-miami-playing-cards/,28.01.2022,09.03.2022,40,18,263.0,1200.0,£,games,UK,ended,5
0,https://www.kicktraq.com/projects/1920036137/bad-habits-deck/,07.02.2022,09.03.2022,30,86,4712.0,15000.0,€,games,Italy,ended,0
0,https://www.kicktraq.com/projects/asininedave/adhm-custom-3d-printable-miniature-head-creator/,27.02.2022,09.03.2022,10,13,501.0,5000.0,$,games,AU,ended,1
0,https://www.kicktraq.com/projects/legacyofaspy/trinity-the-legacy-of-a-spy/,05.01.2022,06.03.2022,60,3,10501.0,100000.0,$,film & video,NY,ended,4
0,https://www.kicktraq.com/projects/campus/campus-app-achieve-your-goals/,27.01.2022,08.03.2022,40,2,910.0,80000.0,HK$,technology,Hong Kong,ended,0
0,https://www.kicktraq.com/projects/littlemothshop/demon-slayer-kimetsu-no-yaiba-enamel-pins-2/,06.02.2022,08.03.2022,30,7,152.0,300.0,$,art,Canada,cancelled,1
0,https://www.kicktraq.com/projects/thecharliebogartgame/the-charlie-bogart-game/,16.02.2022,08.03.2022,20,1,1.0,500.0,$,games,NY,cancelled,0
0,https://www.kicktraq.com/projects/seasoningsolutions/seasoning-solutions-all-natural-meal-kits-and-bread-mixes/,31.01.2022,07.03.2022,35,5,121.0,4998.0,$,food,MI,cancelled,0
0,https://www.kicktraq.com/projects/candles-soy-eco/eco-friendly-candles/,07.01.2022,08.03.2022,60,1,1.0,2300.0,$,art,OH,ended,0
0,https://www.kicktraq.com/projects/going-dark/already-dead-sci-fi-horror-game/,08.01.2022,09.03.2022,60,2,2.0,50000.0,$,games,ID,cancelled,0
0,https://www.kicktraq.com/projects/1190473269/nespresso-coffee-capsules-holder/,03.02.2022,08.03.2022,34,9,422.0,25100.0,€,design,Norway,ended,3
0,https://www.kicktraq.com/projects/yoranthium/yoranthium-first-novel-in-the-series/,06.02.2022,08.03.2022,30,2,55.0,3500.0,$,publishing,CO,ended,0
0,https://www.kicktraq.com/projects/hextapes/guarded-heart-pins/,06.02.2022,08.03.2022,30,3,29.0,300.0,$,art,MI,ended,0
0,https://www.kicktraq.com/projects/marcusblaq/cinema-fright/,05.01.2022,06.03.2022,60,2,50.0,8200.0,$,film & video,TX,ended,0
0,https://www.kicktraq.com/projects/polygona/polygona-customizable-3d-models-tabletop-edition/,03.02.2022,08.03.2022,34,45,9393.0,20000.0,£,games,UK,cancelled,1
0,https://www.kicktraq.com/projects/mushroomart/making-original-and-digital-art-from-me-to-you/,09.02.2022,11.03.2022,30,1,1.0,50.0,£,art,UK,ended,2
0,https://www.kicktraq.com/projects/bricio/desarollo-de-coleccion-para-new-york-fashion-week/,04.02.2022,06.03.2022,30,18,5001.0,120000.0,MX$,fashion,Mexico,ended,0
0,https://www.kicktraq.com/projects/ameterindicator1/analog-resource-monitor-and-controller/,09.02.2022,11.03.2022,30,6,344.0,1500.0,€,technology,Bulgaria,cancelled,1
0,https://www.kicktraq.com/projects/1771421656/goblins-and-giants/,11.02.2022,11.03.2022,29,26,2320.0,3000.0,£,games,UK,ended,8
0,https://www.kicktraq.com/projects/gillyswrld/fold-the-socks-sock-folding-family-board-game/,09.02.2022,11.03.2022,30,2,2.0,1500.0,$,games,IN,ended,0
0,https://www.kicktraq.com/projects/borisbykov/the-power-of-the-thoughts/,10.01.2022,11.03.2022,60,2,35.0,5000.0,€,games,Spain,ended,0
0,https://www.kicktraq.com/projects/marcialart/innocence-or-money-v-001/,10.01.2022,11.03.2022,60,24,1197.0,19400.0,€,games,Spain,ended,0
0,https://www.kicktraq.com/projects/scenicroutepub/honey-harvest-0/,09.02.2022,11.03.2022,30,7,116.0,750.0,$,publishing,MI,ended,0
0,https://www.kicktraq.com/projects/bluecoatsblagflags/blue-coats-black-flags/,10.01.2022,11.03.2022,60,17,805.0,20000.0,$,games,NM,cancelled,13
0,https://www.kicktraq.com/projects/ffdisclosure/full-f-cking-disclosure-inappropriate-question-card-game/,10.01.2022,11.03.2022,60,26,891.0,2000.0,$,games,MD,ended,0
0,https://www.kicktraq.com/projects/ghosthunt/ghost-hunt/,22.01.2022,08.03.2022,45,13,510.0,35000.0,$,games,WI,ended,2
0,https://www.kicktraq.com/projects/tmewebseries/tme-webseries/,06.02.2022,08.03.2022,30,3,61.0,6700.0,$,film & video,NY,ended,0
0,https://www.kicktraq.com/projects/jennifertroice/my-silver-lining-healing-through-art/,11.02.2022,08.03.2022,25,36,14141.0,90000.0,$,publishing,TX,ended,2
0,https://www.kicktraq.com/projects/simonbull-freebirds/simon-bulls-the-free-birds-of-lockdown-art-book/,07.01.2022,08.03.2022,60,25,6587.0,10000.0,$,art,CA,ended,3
0,https://www.kicktraq.com/projects/saeedahmed40/the-streets-of-newport-wales/,16.01.2022,08.03.2022,52,5,7.0,3000.0,£,photography,UK,ended,0
0,https://www.kicktraq.com/projects/insidercloth/insider-cloth-worlds-first-iron-on-microfiber-cloth/,17.01.2022,08.03.2022,50,43,1638.0,2500.0,$,fashion,TX,ended,1
0,https://www.kicktraq.com/projects/bhthelazarusstrain/biohazard-the-lazarus-strain/,06.02.2022,08.03.2022,30,6,214.0,15000.0,$,comics,TX,ended,0
0,https://www.kicktraq.com/projects/actalogic/wayfarers-call-of-osiris/,07.02.2022,11.03.2022,32,72,2715.0,89000.0,€,games,Slovenia,ended,1
0,https://www.kicktraq.com/projects/its-llamatch/its-llamatch/,14.02.2022,08.03.2022,22,110,4513.0,8000.0,€,games,Spain,ended,0
0,https://www.kicktraq.com/projects/theelementinside/element-the-anxiety-ptsds-depression-inside-us-all/,07.01.2022,08.03.2022,60,2,11.0,10000.0,$,film & video,TX,ended,0
0,https://www.kicktraq.com/projects/upwrite/immortal-stories/,17.01.2022,08.03.2022,50,1,1.0,2690.0,£,technology,UK,ended,0
0,https://www.kicktraq.com/projects/rawlinsfilm/rawlins-feature-film/,07.01.2022,08.03.2022,60,11,2297.0,35000.0,$,film & video,WY,cancelled,0
0,https://www.kicktraq.com/projects/organise-planner/organise-your-life-help-us-design-a-planner/,09.02.2022,11.03.2022,30,5,155.0,500.0,£,design,UK,ended,0
0,https://www.kicktraq.com/projects/seventhsensestudio/exordium-ionna-the-chaos-and-pirate-themed-setting-for-5e/,02.02.2022,09.03.2022,35,192,9592.0,20000.0,$,games,DE,cancelled,3
0,https://www.kicktraq.com/projects/buddha-card/japanese-pop-up-card-featuring-a-finely-crafted-buddha-image/,03.02.2022,08.03.2022,33,5,7069.0,150000.0,¥,design,Japan,ended,0
0,https://www.kicktraq.com/projects/breathewatch/breathe-watch-a-timepiece-for-mindfulness/,09.02.2022,11.03.2022,30,33,5842.0,22000.0,$,design,CA,ended,1
0,https://www.kicktraq.com/projects/351680733/maze-issues-1and2/,09.02.2022,11.03.2022,31,32,827.0,2000.0,$,comics,NY,ended,20
0,https://www.kicktraq.com/projects/liina/liina-making-spirulina-taste-good/,07.02.2022,09.03.2022,30,5,127.0,2000.0,$,food,IL,ended,1
0,https://www.kicktraq.com/projects/dftewddg/get-hard/,22.02.2022,09.03.2022,15,2,56.0,180.0,£,food,UK,ended,0
0,https://www.kicktraq.com/projects/image-in-aventure/image-in/,09.02.2022,11.03.2022,30,3,42.0,11200.0,€,games,France,ended,0
0,https://www.kicktraq.com/projects/infinityloop/the-maze-3/,09.02.2022,11.03.2022,30,9,1124.0,5000.0,$,design,Ukraine,cancelled,0
0,https://www.kicktraq.com/projects/nawycen8/knowyz-sounds-from-nawyce-n8/,08.01.2022,09.03.2022,60,15,1766.0,5000.0,$,music,CA,ended,2
0,https://www.kicktraq.com/projects/glimmergifts/glimmer-gifts-the-birth-of-a-business/,08.01.2022,09.03.2022,60,4,47.0,1000.0,$,crafts,CT,ended,0
0,https://www.kicktraq.com/projects/trinityofreign/trinity-of-reign/,15.02.2022,09.03.2022,23,335,28571.0,29000.0,CHF,games,Switzerland,cancelled,15
0,https://www.kicktraq.com/projects/voiceviewer/voiceviewer-speech-to-led-masks-and-hats/,31.01.2022,11.03.2022,39,20,1649.0,17200.0,$,technology,Canada,ended,4
0,https://www.kicktraq.com/projects/joey-joesph/do-you-bongo-on-bongo-blue-vinyl/,09.02.2022,11.03.2022,30,32,1493.0,4000.0,$,music,OH,ended,1
0,https://www.kicktraq.com/projects/retrodigital/scp-heretic/,08.01.2022,09.03.2022,60,3549,201551.0,650000.0,$,film & video,SC,cancelled,5
0,https://www.kicktraq.com/projects/otilio-murales/murales-para-la-historia/,07.02.2022,09.03.2022,30,27,45821.0,250000.0,MX$,art,Mexico,ended,0
0,https://www.kicktraq.com/projects/lonestarsupport/lonestar/,08.01.2022,09.03.2022,60,6,107.0,1600.0,$,comics,MO,cancelled,4
0,https://www.kicktraq.com/projects/atellington/lords-of-bassa-son-of-gao/,04.02.2022,11.03.2022,35,2,18.0,2000.0,$,publishing,CA,ended,1
0,https://www.kicktraq.com/projects/thomasbrent/the-house-heroine-built/,09.02.2022,11.03.2022,30,2,16.0,12200.0,$,publishing,SC,ended,1
0,https://www.kicktraq.com/projects/1899432581/glacial-shower-a-shower-head-with-invigorating-benefits/,11.01.2022,09.03.2022,57,20,3492.0,25000.0,$,technology,Canada,cancelled,0
0,https://www.kicktraq.com/projects/paddolockdownart/paddolockdownart/,20.02.2022,11.03.2022,20,1,1.0,1200.0,$,art,AU,cancelled,0
0,https://www.kicktraq.com/projects/travelus/travelus/,02.02.2022,09.03.2022,35,84,2755.0,15000.0,$,games,Canada,cancelled,4
0,https://www.kicktraq.com/projects/jpetrous/horseshoes-and-hand-grenades-0/,10.01.2022,11.03.2022,60,18,787.0,25000.0,$,games,MI,cancelled,4
0,https://www.kicktraq.com/projects/333824554/my-hero-academia-fanarts/,25.02.2022,11.03.2022,14,2,13.0,50.0,€,art,France,ended,0
0,https://www.kicktraq.com/projects/abisolawhiskey/abisola-whiskey/,07.02.2022,09.03.2022,30,13,590.0,25000.0,$,food,NY,ended,0
0,https://www.kicktraq.com/projects/daragan/we-wanted-to-design-your-flashbacks/,07.02.2022,09.03.2022,30,2,12.0,1300.0,€,social practice,Poland,ended,0
0,https://www.kicktraq.com/projects/born-of-woman/born-of-woman/,08.01.2022,09.03.2022,60,6,1075.0,22200.0,$,publishing,AU,ended,0
0,https://www.kicktraq.com/projects/breakfastofadderall/breakfast-of-aderall/,08.02.2022,10.03.2022,30,8,301.0,900.0,$,music,PA,ended,0
0,https://www.kicktraq.com/projects/cbr/knyphe-phone-case-everyday-carry-knife/,10.01.2022,11.03.2022,60,29,2191.0,30000.0,$,design,LA,ended,0
0,https://www.kicktraq.com/projects/envion/envion-for-our-environment/,08.01.2022,09.03.2022,60,2,2.0,66700.0,€,technology,Germany,ended,0
0,https://www.kicktraq.com/projects/leadgen/lead-mozo-create-high-converting-email-lead-pages/,08.02.2022,10.03.2022,30,2,98.0,3500.0,$,technology,IN,ended,0
0,https://www.kicktraq.com/projects/lohn/laser-cut-wood-sofa-arm-tray-with-washable-beige-felt-cover/,15.02.2022,10.03.2022,23,1,1.0,500.0,€,design,Italy,cancelled,0
0,https://www.kicktraq.com/projects/colectivonemesis/la-puesta-en-escena-la-ventana-la-noche-y-el-rayo-laser/,15.02.2022,10.03.2022,23,7,679.0,25000.0,MX$,theater,Mexico,ended,0
0,https://www.kicktraq.com/projects/plazacraft/the-lovers-unique-card-game-for-same-sex-couples/,09.01.2022,10.03.2022,60,8,1115.0,72000.0,$,games,Poland,ended,0
0,https://www.kicktraq.com/projects/theantiracismacademy/teach-me-antiracismtm-flashcards/,08.02.2022,10.03.2022,30,90,11649.0,60000.0,$,games,PA,ended,0
0,https://www.kicktraq.com/projects/citiescometolife/vivus-city-art-book-collection/,09.02.2022,11.03.2022,30,0,0.0,10000.0,€,publishing,Belgium,cancelled,0
0,https://www.kicktraq.com/projects/throughchrist/through-christ-by-grace-project-fund/,08.01.2022,09.03.2022,60,3,62.0,1000.0,$,music,WI,ended,0
0,https://www.kicktraq.com/projects/regcare/dermocosmetics-moisturizing-and-rebuilding/,10.01.2022,09.03.2022,58,1,1.0,12000.0,€,fashion,Poland,ended,0
0,https://www.kicktraq.com/projects/michaeljtinker/when-there-are-no-words-new-album/,23.02.2022,09.03.2022,15,83,5933.0,19000.0,£,music,UK,ended,2
0,https://www.kicktraq.com/projects/piedpiperphilology/the-pied-piper-philologist-selected-poems-1968-2021/,07.02.2022,09.03.2022,30,28,5005.0,9000.0,$,publishing,FL,ended,0
0,https://www.kicktraq.com/projects/warriorsproject/simple-rules-for-a-healty-lifestyle/,09.02.2022,11.03.2022,30,1,1.0,500.0,€,food,Italy,ended,0
0,https://www.kicktraq.com/projects/bonnetteson/bonnette-son-original-ep/,07.02.2022,09.03.2022,30,13,3911.0,15000.0,$,music,TX,ended,2
0,https://www.kicktraq.com/projects/iamthatis/proof-of-concept-and-plan-for-mmorpg-based-on-redwall-series/,08.02.2022,10.03.2022,30,5,207.0,7000.0,$,games,WA,ended,7
0,https://www.kicktraq.com/projects/nayrusvision/zhen-huan-eco-friendly-beauty-essentials/,29.01.2022,10.03.2022,40,1,1.0,6000.0,$,design,FL,cancelled,1
0,https://www.kicktraq.com/projects/kaziaki/project-gringor/,08.02.2022,10.03.2022,30,4,17.0,100.0,$,games,CA,ended,2
0,https://www.kicktraq.com/projects/my-roots-books/my-roots-books-a-board-book-series-for-children/,08.02.2022,10.03.2022,30,3,12.0,2000.0,$,publishing,CA,ended,0
0,https://www.kicktraq.com/projects/wethevibe/vibe-1/,08.02.2022,10.03.2022,30,1,1.0,64000.0,$,food,SC,ended,0
0,https://www.kicktraq.com/projects/ablazyexerciser/ablazy-a-no-sweat-core-muscles-exercise-machine/,08.02.2022,10.03.2022,30,14,1472.0,20000.0,$,technology,MA,ended,1
0,https://www.kicktraq.com/projects/itsshmenrr/new-music-night-rider-midnight-remix/,30.01.2022,09.03.2022,38,1,1.0,5000.0,$,music,OK,ended,0
0,https://www.kicktraq.com/projects/bearpops/sailor-scout-bow-enamel-pins/,01.02.2022,10.03.2022,38,12,215.0,300.0,$,art,FL,ended,6
0,https://www.kicktraq.com/projects/akumagamestudios/bonded-shackled-souls/,08.02.2022,10.03.2022,30,28,18079.0,3600000.0,MX$,games,Mexico,ended,0
0,https://www.kicktraq.com/projects/patrickwcutler/redgate-a-true-story-alien-horror-film/,15.02.2022,10.03.2022,23,4,5061.0,10000.0,$,film & video,MT,ended,2
0,https://www.kicktraq.com/projects/starstoldmeaboutyou/the-stars-told-me-about-you/,29.01.2022,10.03.2022,40,25,1420.0,3000.0,$,film & video,NY,ended,0
0,https://www.kicktraq.com/projects/junojaneastrology/juno-jane-astrology-food-pantry/,08.02.2022,10.03.2022,30,6,156.0,3000.0,$,social practice,TX,ended,0
0,https://www.kicktraq.com/projects/theofficialbunnies/star-bunnies-enamel-pin-collection-wave-2/,15.02.2022,10.03.2022,24,14,304.0,350.0,£,art,UK,ended,0
0,https://www.kicktraq.com/projects/mrshnyx/soup-in-edible-cup-eco-and-vegan-friendly-shop/,08.02.2022,10.03.2022,30,2,2.0,30000.0,£,food,UK,cancelled,0
0,https://www.kicktraq.com/projects/allemstudio/allem-studio-block-print-and-bhujodi-weave-products/,08.02.2022,10.03.2022,30,9,376.0,5000.0,$,crafts,MA,ended,0
0,https://www.kicktraq.com/projects/1542275250/make-100-passion-and-postcards/,25.02.2022,09.03.2022,12,2,36.0,150.0,€,photography,Germany,ended,0
0,https://www.kicktraq.com/projects/affinecionados/affinecionados/,28.01.2022,10.03.2022,42,3,81.0,2000.0,$,publishing,NZ,ended,0
0,https://www.kicktraq.com/projects/viralcomic/viral-1/,09.01.2022,10.03.2022,60,22,1261.0,9966.0,$,comics,CT,ended,4
0,https://www.kicktraq.com/projects/1607650722/lights-out-short-film-2022/,09.01.2022,10.03.2022,60,4,56.0,1000.0,£,film & video,UK,cancelled,0
0,https://www.kicktraq.com/projects/goldwell2022/book-v-of-dragon-keepers/,08.02.2022,10.03.2022,30,1,1.0,2500.0,$,publishing,FL,cancelled,1
0,https://www.kicktraq.com/projects/tonnaclemons/neighborhood-hands-on-museum-and-art-gallery/,09.01.2022,10.03.2022,60,4,62.0,12300.0,$,art,MI,ended,0
0,https://www.kicktraq.com/projects/cliq-up/cliq-up-next-gen-wire-and-nail/,07.02.2022,09.03.2022,30,14,722.0,7400.0,€,design,Sweden,cancelled,3
0,https://www.kicktraq.com/projects/virtualdad/virtual-dad-life-lessons-they-dont-teach-in-school/,08.02.2022,10.03.2022,30,1,1.0,277900.0,$,publishing,FL,cancelled,1
0,https://www.kicktraq.com/projects/ninjagut/ninja-gut-a-gluten-free-and-lactose-free-eatery/,08.02.2022,10.03.2022,30,2,2.0,100000.0,$,food,NY,ended,0
0,https://www.kicktraq.com/projects/betolz/ambio-ringe-die-jedes-tischgedeck-stilvoll-in-szene-setzen/,17.02.2022,10.03.2022,21,16,898.0,5000.0,€,design,Germany,cancelled,0
