success,url,start_date,end_date,duration,backers,funded,goal,currency,category,country/state,status,updates
1,https://www.kicktraq.com/projects/thetimechanger/thetimechanger-1st-silicium-watch-numbered-edition,11.10.2023,11.11.2023,32,91,162441.0,60000.0,€,design,France,ended,4
1,https://www.kicktraq.com/projects/gomagnetic/magnetrays-magnetic-storage-system-for-tabletop-miniatures,26.10.2023,11.11.2023,17,154,1773.0,250.0,€,games,France,ended,5
1,https://www.kicktraq.com/projects/clairnara/harmony-aquatic-tank,17.10.2023,11.11.2023,25,38,14088.0,5000.0,$,design,WA,ended,2
1,https://www.kicktraq.com/projects/musicbyjacelyn/my-big-fat-holiday-album-kickstarter,17.10.2023,11.11.2023,26,63,7818.0,7777.0,$,music,Canada,ended,0
1,https://www.kicktraq.com/projects/solgoodcreations/battle-cries-unleashed-fury,12.10.2023,11.11.2023,31,491,42717.0,250.0,$,games,Ukraine,ended,4
1,https://www.kicktraq.com/projects/otabineko/kawaii-career-cat-enamel-pins,17.10.2023,11.11.2023,25,33,1801.0,500.0,$,art,CA,ended,4
1,https://www.kicktraq.com/projects/theweekendroad/the-weekend-road-short-film,12.10.2023,11.11.2023,31,24,3001.0,3000.0,$,film & video,NY,ended,0
1,https://www.kicktraq.com/projects/darrenkim4363/two-upcoming-records,10.11.2023,11.11.2023,1,67,7228.0,2000.0,$,music,IN,cancelled,0
1,https://www.kicktraq.com/projects/winterra/two-sided-pride-pokemon-keychains,07.10.2023,11.11.2023,35,7,1421.0,30.0,$,art,NE,ended,3
1,https://www.kicktraq.com/projects/authoramyknupp/the-henry-brothers-4-small-town-romance-special-editions,24.10.2023,11.11.2023,18,30,2567.0,500.0,$,publishing,WI,ended,5
1,https://www.kicktraq.com/projects/azpowergirl/nikst,26.10.2023,11.11.2023,16,291,26591.0,600.0,$,comics,AZ,ended,2
1,https://www.kicktraq.com/projects/invader/frankenbabe-collected-1st-trade,30.10.2023,11.11.2023,12,30,767.0,666.0,$,comics,CA,ended,0
1,https://www.kicktraq.com/projects/calikrazy/calikrazy-vol-2-deceitful-riches,27.09.2023,11.11.2023,46,4,1136.0,1000.0,$,comics,CA,ended,2
1,https://www.kicktraq.com/projects/darbypoppublishing/side-kicked-tp-vols-1-and-2-plus-issue-1-limited-edition,17.10.2023,10.11.2023,25,83,2921.0,2500.0,$,comics,ME,ended,2
1,https://www.kicktraq.com/projects/jetpack7/legendary-undead-a-5th-edition-supplement,10.10.2023,10.11.2023,32,1352,43463.0,2000.0,$,games,OH,ended,9
1,https://www.kicktraq.com/projects/patshand/smoke-weed-see-the-future-420-one-shot,23.10.2023,10.11.2023,19,524,17683.0,4200.0,$,comics,NY,ended,4
1,https://www.kicktraq.com/projects/quiltedpress/quilted-press-launching-a-publishing-collective,10.10.2023,10.11.2023,32,259,21088.0,20000.0,$,publishing,NY,ended,0
1,https://www.kicktraq.com/projects/ThisisJuan/fwacata-original-comics-by-juan-navarro-issue-1,10.10.2023,10.11.2023,32,50,2021.0,2000.0,$,comics,TX,ended,14
1,https://www.kicktraq.com/projects/687027744/negocios-infernales,10.10.2023,10.11.2023,32,343,20147.0,10000.0,$,games,MO,ended,7
1,https://www.kicktraq.com/projects/calliopegamenight/patrician-towers-of-influence,12.10.2023,10.11.2023,30,292,10491.0,8500.0,$,games,NC,ended,6
1,https://www.kicktraq.com/projects/driftwood-lab/driftwood-lab-magic-mouse-wireless-charger-cradle-kit,11.10.2023,11.11.2023,32,235,124513.0,20000.0,HK$,design,Hong Kong,ended,0
1,https://www.kicktraq.com/projects/jasonfisher2352/julia-sabbagh-has-released-her-ep,10.11.2023,11.11.2023,1,71,2130.0,2000.0,$,music,IN,ended,0
1,https://www.kicktraq.com/projects/bigme/b251,27.09.2023,11.11.2023,46,94,949159.0,50000.0,HK$,technology,Hong Kong,ended,2
1,https://www.kicktraq.com/projects/creaturecuration/the-molt-for-mork-borg-evil-lies-at-the-planets-core,24.10.2023,10.11.2023,18,216,10224.0,5000.0,$,games,GA,ended,2
1,https://www.kicktraq.com/projects/lovelanguagekick/love-language-a-short-film,12.10.2023,11.11.2023,31,42,10931.0,10000.0,$,film & video,GA,ended,0
1,https://www.kicktraq.com/projects/stevebingham/cuckoo-seven-new-works-for-violin,14.10.2023,11.11.2023,29,48,2002.0,2000.0,£,music,UK,ended,0
1,https://www.kicktraq.com/projects/sidneylevitt144/its-finally-here-teresa-storch-bands-debut-album,10.11.2023,11.11.2023,1,66,2027.0,2000.0,$,music,MI,ended,0
1,https://www.kicktraq.com/projects/meditationmarathon/my-dream-journal-sleep-well-dream-better,12.10.2023,11.11.2023,30,25,964.0,500.0,$,publishing,FL,ended,0
1,https://www.kicktraq.com/projects/arturodiaz2352/the-music-is-too-loud-for-chestnut-grove,10.11.2023,11.11.2023,1,189,13470.0,2000.0,$,music,OK,ended,0
1,https://www.kicktraq.com/projects/kseay/the-beer-tarot,11.09.2023,10.11.2023,61,155,11232.0,10000.0,$,games,IA,ended,7
