success,url,start_date,end_date,duration,backers,funded,goal,currency,category,country/state,status,updates
1,https://www.kicktraq.com/projects/devillich/dungeon-crawl-classics-100-music-of-the-spheres-is-chaos/,16.02.2022,11.03.2022,24,2958,200220.0,30000.0,$,games,CA,ended,22
1,https://www.kicktraq.com/projects/wangerin/custom-cargo-bike-fork/,10.02.2022,12.03.2022,30,17,1444.0,950.0,$,design,IL,ended,3
1,https://www.kicktraq.com/projects/guiltysurvivorfilm/guilty-survivor/,10.02.2022,12.03.2022,30,25,553.0,500.0,£,film & video,UK,ended,0
1,https://www.kicktraq.com/projects/izik-bell/metalshade-0/,07.02.2022,10.03.2022,32,888,63549.0,5000.0,$,comics,KS,ended,16
1,https://www.kicktraq.com/projects/noemi-knight/popoto-the-maui-dolphin/,09.02.2022,11.03.2022,30,90,4285.0,4000.0,$,publishing,TN,ended,8
1,https://www.kicktraq.com/projects/lla/make-100-goldfish/,25.01.2022,11.03.2022,45,17,1040.0,100.0,$,art,VA,ended,2
1,https://www.kicktraq.com/projects/sketchified/sk1-3d-printable-utility-knife-blade-holder/,01.03.2022,11.03.2022,10,16,72.0,50.0,$,design,WA,ended,1
1,https://www.kicktraq.com/projects/titangroundanchor/super-seven-high-performance-stainless-tent-peg/,18.02.2022,10.03.2022,20,32,838.0,200.0,£,design,UK,ended,2
1,https://www.kicktraq.com/projects/medobar/medobar-farm/,08.02.2022,10.03.2022,30,184,21327.0,20000.0,$,food,Bosnia and Herzegovina,ended,0
1,https://www.kicktraq.com/projects/grahamcranfield/forge-of-fists-2/,22.02.2022,09.03.2022,15,25,259.0,100.0,$,publishing,VA,ended,3
1,https://www.kicktraq.com/projects/j0nathan/digital-habit-lab/,07.02.2022,09.03.2022,30,414,13608.0,8000.0,£,design,UK,ended,2
1,https://www.kicktraq.com/projects/foreignplaces/foreign-places-book-project/,17.02.2022,10.03.2022,21,27,1126.0,790.0,£,photography,UK,ended,1
1,https://www.kicktraq.com/projects/creativeplace/silly-heroes-in-trouble-gdr/,18.02.2022,11.03.2022,21,93,4665.0,3500.0,€,games,Italy,ended,11
1,https://www.kicktraq.com/projects/mrgrantastic/beowulf-3-1-and-2-also-available/,08.02.2022,08.03.2022,28,158,3459.0,2000.0,$,comics,PA,ended,2
1,https://www.kicktraq.com/projects/backscatterprod/kink-0/,07.02.2022,09.03.2022,31,223,20271.0,20000.0,£,film & video,UK,ended,2
1,https://www.kicktraq.com/projects/corridorsoffate/brood-of-the-spider-queen/,22.02.2022,09.03.2022,15,305,5484.0,100.0,$,games,NZ,ended,1
1,https://www.kicktraq.com/projects/aurigae/stars-journey/,16.02.2022,09.03.2022,21,35,1502.0,1500.0,€,art,Germany,ended,4
1,https://www.kicktraq.com/projects/superclub/superclub-in-deutsch-espanol-italiano-francais-portugues/,08.02.2022,09.03.2022,30,881,22655.0,10000.0,€,games,Norway,ended,12
1,https://www.kicktraq.com/projects/doriandeathly/the-deathly-dark-tales/,06.02.2022,08.03.2022,30,315,7026.0,2000.0,£,publishing,UK,ended,3
1,https://www.kicktraq.com/projects/delusions/david-parkins-delusions-of-grandeur-book/,07.02.2022,07.03.2022,29,42,936.0,750.0,£,publishing,UK,ended,0
1,https://www.kicktraq.com/projects/halleysfoodtruck/halleys-food-truck/,06.01.2022,07.03.2022,60,58,20000.0,20000.0,$,food,WA,ended,0
1,https://www.kicktraq.com/projects/leriitea/genshin-impact-acrylic-phone-charms/,09.02.2022,09.03.2022,28,35,2512.0,850.0,$,art,NZ,ended,2
1,https://www.kicktraq.com/projects/reaperbones5/base-boss-2-new-bases-and-base-top-inserts/,14.02.2022,07.03.2022,22,745,19685.0,2500.0,$,games,TX,ended,5
1,https://www.kicktraq.com/projects/kugo/a-gamers-guide-to-fitness/,21.02.2022,07.03.2022,14,159,5770.0,5000.0,$,film & video,WA,ended,2
1,https://www.kicktraq.com/projects/lostmagic/genetic-superiority-1/,21.02.2022,07.03.2022,14,39,1269.0,1200.0,$,comics,NY,ended,4
1,https://www.kicktraq.com/projects/starteas/lumi-and-the-great-big-galaxy/,07.01.2022,08.03.2022,60,578,27416.0,25000.0,$,film & video,CO,ended,13
1,https://www.kicktraq.com/projects/pinstachiio/fungi-friends-enamel-pins/,21.02.2022,07.03.2022,14,100,5898.0,400.0,$,design,AU,ended,3
1,https://www.kicktraq.com/projects/armycase/3d-printed-magnetic-painting-grip-for-miniatures/,22.02.2022,08.03.2022,14,160,5780.0,4000.0,€,games,Poland,ended,4
1,https://www.kicktraq.com/projects/flaptrap/flap-trap-needs-a-nap/,05.02.2022,07.03.2022,30,20,1310.0,1200.0,$,publishing,GA,ended,32
1,https://www.kicktraq.com/projects/295842607/the-polar-scarf/,01.02.2022,08.03.2022,35,151,17250.0,15000.0,$,fashion,IL,ended,4
1,https://www.kicktraq.com/projects/skk/isklattring-i-sverige-en-komplett-guide/,07.01.2022,08.03.2022,60,40,10634.0,10000.0,kr,publishing,Sweden,ended,3
1,https://www.kicktraq.com/projects/gurutze/genshin-impact-fans/,11.02.2022,08.03.2022,25,50,1899.0,350.0,€,fashion,Spain,ended,7
1,https://www.kicktraq.com/projects/cobaltkeep/rotating-paint-handle-for-magnetized-wargaming-miniatures/,08.02.2022,08.03.2022,28,541,24728.0,2500.0,$,games,UT,ended,3
1,https://www.kicktraq.com/projects/zephyr-inc/portable-power-station/,10.02.2022,09.03.2022,27,179,51366.0,12500.0,$,design,CA,ended,1
1,https://www.kicktraq.com/projects/tonykittrell/cosmos-6/,01.02.2022,08.03.2022,35,93,3384.0,2500.0,$,comics,MD,ended,13
1,https://www.kicktraq.com/projects/hbaumann/bloom-burger-a-food-truck-for-american-flavors/,15.02.2022,08.03.2022,21,32,4449.0,4000.0,$,food,IN,ended,2
1,https://www.kicktraq.com/projects/crownobsidian/blood-in-the-land/,06.02.2022,08.03.2022,30,127,9056.0,5000.0,$,comics,CA,ended,5
1,https://www.kicktraq.com/projects/savtheworld/oban-star-racers-15th-anniversay-bluray/,01.02.2022,08.03.2022,35,4042,377056.0,30000.0,€,film & video,France,ended,14
1,https://www.kicktraq.com/projects/wraithmarked/motheroflearningarc1/,15.02.2022,08.03.2022,21,2032,126133.0,10000.0,$,publishing,NY,ended,10
1,https://www.kicktraq.com/projects/1375956481/nuclear-debris-rpg-dice/,01.02.2022,08.03.2022,35,207,17411.0,4000.0,$,games,NY,ended,6
1,https://www.kicktraq.com/projects/243009305/the-beautiful-brain/,01.02.2022,08.03.2022,35,83,7252.0,6200.0,€,film & video,Switzerland,ended,1
1,https://www.kicktraq.com/projects/iuwash/iuwash-deformable-wireless-portable-hydrojet-cleaner/,31.01.2022,08.03.2022,36,321,198616.0,20000.0,HK$,technology,Hong Kong,ended,2
1,https://www.kicktraq.com/projects/1654527386/100-more-beautiful-stones/,21.01.2022,07.03.2022,45,32,1363.0,500.0,$,art,WA,ended,4
1,https://www.kicktraq.com/projects/kirklindo/kirk-lindos-vampress-luxura-volume-03-variant-editions/,25.02.2022,07.03.2022,11,72,4207.0,99.0,$,comics,NC,ended,2
1,https://www.kicktraq.com/projects/13moons/13-moons/,16.02.2022,07.03.2022,20,87,4441.0,3000.0,€,art,Sweden,ended,0
1,https://www.kicktraq.com/projects/1483744091/divergent-terror-the-crossroads-of-queerness-and-horror/,05.02.2022,07.03.2022,30,75,2448.0,2250.0,$,publishing,TX,ended,0
1,https://www.kicktraq.com/projects/1853686618/the-nerd-cafe-at-the-nerd-store/,01.02.2022,07.03.2022,34,92,7362.0,5000.0,$,food,UT,ended,0
1,https://www.kicktraq.com/projects/wargname/skull-hunters-stl-set/,15.02.2022,07.03.2022,21,804,34649.0,2000.0,€,games,France,ended,17
1,https://www.kicktraq.com/projects/1724307466/hive-the-coronation/,05.02.2022,07.03.2022,30,96,6891.0,5000.0,$,comics,CA,ended,5
1,https://www.kicktraq.com/projects/wildercollective1/wilder-collective-ethically-made-heirloom-dresses/,07.02.2022,09.03.2022,30,30,8659.0,7500.0,$,fashion,WA,ended,0
1,https://www.kicktraq.com/projects/497254986/kobold-press-bestiary-miniatures-iconic-races-ii-catfolk/,07.02.2022,09.03.2022,30,446,44199.0,8000.0,$,games,OH,ended,21
1,https://www.kicktraq.com/projects/bibipins/cat-ita-backpack/,07.02.2022,07.03.2022,29,173,18857.0,10400.0,$,fashion,Canada,ended,8
1,https://www.kicktraq.com/projects/rednettle/clay-the-moving-city-an-art-book/,15.02.2022,08.03.2022,21,48,31558.0,17038.0,kr,publishing,Finland,ended,7
1,https://www.kicktraq.com/projects/onestudios/one-pc-high-power-intel-11th-gen/,07.02.2022,09.03.2022,30,28,16597.0,1900.0,€,technology,UK,ended,9
1,https://www.kicktraq.com/projects/comfytofu/nostalgic-pixel-pins/,12.02.2022,09.03.2022,25,31,1553.0,500.0,$,art,Canada,cancelled,1
1,https://www.kicktraq.com/projects/alexwardmusic/horizon-0/,07.02.2022,09.03.2022,30,44,6017.0,6000.0,$,music,VA,ended,7
1,https://www.kicktraq.com/projects/studiosandman/four-freedom-issue-3-comic-book-w-steven-cummings-cover/,07.02.2022,09.03.2022,30,12,675.0,500.0,$,comics,KY,ended,3
1,https://www.kicktraq.com/projects/innuba/la-agenda-hoy/,27.01.2022,08.03.2022,40,142,8249.0,7650.0,€,design,Spain,ended,4
1,https://www.kicktraq.com/projects/fmffihs/forgive-me-father-for-i-have-sinned/,12.02.2022,08.03.2022,24,22,576.0,576.0,£,film & video,UK,ended,0
1,https://www.kicktraq.com/projects/bretjuliano/based-on-a-true-story-1-4-dust-bunny-mafia-comics/,20.02.2022,09.03.2022,17,97,2541.0,1300.0,$,comics,IL,ended,8
1,https://www.kicktraq.com/projects/blok-duel/a-dishonourable-death-at-06-27/,11.02.2022,08.03.2022,26,42,5301.0,5000.0,£,film & video,UK,ended,0
1,https://www.kicktraq.com/projects/ordinaryxmagic/boba-lover-enamel-pin-collection/,25.02.2022,08.03.2022,11,50,3421.0,500.0,$,design,CA,ended,11
1,https://www.kicktraq.com/projects/thedallesfilm/the-dalles-a-queer-love-story-set-in-the-american-west/,06.02.2022,08.03.2022,30,129,9280.0,8000.0,$,film & video,NY,ended,0
1,https://www.kicktraq.com/projects/innlead/ava-4k-wirelesshd-dex-pc-mac-ns-next-gen-portable-monitor/,01.02.2022,08.03.2022,35,308,1525141.0,28000.0,HK$,technology,Hong Kong,ended,2
1,https://www.kicktraq.com/projects/terrycrew/the-way-of-a-hero-a-rules-light-ttrpg-world/,07.02.2022,08.03.2022,29,71,5257.0,2000.0,$,games,AZ,ended,8
1,https://www.kicktraq.com/projects/771945203/finding-the-magic-in-middle-school/,07.02.2022,09.03.2022,30,244,38349.0,15000.0,$,publishing,CA,ended,4
1,https://www.kicktraq.com/projects/essentialsequential/david-finch-monday-night-draw-season-one-art-book/,31.01.2022,07.03.2022,36,1019,89774.0,6500.0,$,art,NJ,ended,4
1,https://www.kicktraq.com/projects/specks706/legacy-of-the-view-4-and-bootz-chapters-1-4/,07.02.2022,09.03.2022,30,71,1784.0,1500.0,$,comics,GA,ended,4
1,https://www.kicktraq.com/projects/badrollgames/punkapocalyptic-el-juego-de-rol/,28.02.2022,09.03.2022,10,162,7566.0,5000.0,€,games,Spain,ended,7
1,https://www.kicktraq.com/projects/ameri-kaiju/amerikaiju-comic/,21.01.2022,07.03.2022,45,38,2501.0,2500.0,$,comics,CA,ended,2
1,https://www.kicktraq.com/projects/greylethallin/spring-blooms-floral-maidens-enamel-pin-set/,05.02.2022,07.03.2022,30,48,1403.0,900.0,$,art,OH,cancelled,6
1,https://www.kicktraq.com/projects/microfacturing/marksmith-black-ti-dlc-bolt-action-edc-permanent-marker-pen/,01.02.2022,07.03.2022,35,1174,126846.0,20000.0,$,design,GA,ended,2
1,https://www.kicktraq.com/projects/linapiprek/time-capsule-wardrobe/,06.02.2022,08.03.2022,30,562,33752.0,6000.0,£,crafts,UK,ended,10
1,https://www.kicktraq.com/projects/orangenebula/unsettled-board-game-all-new-content/,22.02.2022,08.03.2022,15,14365,2053307.0,62400.0,$,games,WA,ended,16
1,https://www.kicktraq.com/projects/roseannamulder/forest-fairies-a-hard-enamel-pin-collection/,15.02.2022,08.03.2022,21,21,495.0,350.0,€,art,Netherlands,ended,3
1,https://www.kicktraq.com/projects/jonring/stained-echoes-tales-of-the-mysterious-and-the-macabre/,07.01.2022,08.03.2022,60,19,653.0,500.0,$,publishing,MT,ended,1
1,https://www.kicktraq.com/projects/colesfilm/the-intruder/,01.03.2022,07.03.2022,7,16,1458.0,1200.0,$,film & video,CT,ended,0
1,https://www.kicktraq.com/projects/minichua/artic-camp-stl-3d-printable-tabletop-boardgames-miniatures/,21.02.2022,08.03.2022,15,39,9899.0,2000.0,MX$,games,Mexico,ended,0
1,https://www.kicktraq.com/projects/alishamerrick/between-the-clouds-a-droplets-divine-adventure/,15.02.2022,08.03.2022,21,78,7333.0,7000.0,$,publishing,MI,ended,0
1,https://www.kicktraq.com/projects/mydadis/my-dad-is/,06.01.2022,07.03.2022,60,57,2124.0,973.0,$,publishing,MD,ended,2
1,https://www.kicktraq.com/projects/minosgames/the-marvelous-mimic-mansion-a-5e-adventure/,22.02.2022,08.03.2022,15,382,5000.0,700.0,€,games,Italy,ended,7
1,https://www.kicktraq.com/projects/msedesign/ticoff-an-edc-coffee-dripper-in-titanium-quality/,16.02.2022,08.03.2022,20,14,732.0,500.0,$,design,NY,ended,0
1,https://www.kicktraq.com/projects/catcircusshop/klay-the-cat-enamel-pins-and-stickers/,06.02.2022,08.03.2022,30,21,570.0,300.0,£,art,UK,ended,5
1,https://www.kicktraq.com/projects/zombies101/zombies-101/,06.02.2022,08.03.2022,30,20,2005.0,500.0,$,games,NC,ended,2
1,https://www.kicktraq.com/projects/croatianjewel/vintage-jewelry/,16.02.2022,08.03.2022,20,14,451.0,100.0,€,crafts,Croatia,ended,1
1,https://www.kicktraq.com/projects/initecs/mini-bolt-action-pen-and-mini-pocket-pen/,07.02.2022,09.03.2022,30,86,5665.0,500.0,$,design,TX,ended,0
1,https://www.kicktraq.com/projects/supermesange/magical-time/,17.02.2022,09.03.2022,20,33,819.0,800.0,€,crafts,France,ended,0
1,https://www.kicktraq.com/projects/markus-kreuzer/voto-lightbouncer-pro-the-hassle-free-light-modifier/,09.02.2022,09.03.2022,29,59,22657.0,20000.0,€,technology,Germany,ended,7
1,https://www.kicktraq.com/projects/dtdagames/mistflowers-a-warrior-goddesses-collection/,17.02.2022,08.03.2022,19,117,6141.0,4000.0,€,art,France,ended,6
1,https://www.kicktraq.com/projects/mcolon/malpractice-a-card-based-rpg/,07.02.2022,09.03.2022,30,35,550.0,330.0,$,games,VA,ended,3
1,https://www.kicktraq.com/projects/piratescanfly/catomancy-the-kitten-tarot-deck/,08.02.2022,09.03.2022,29,258,18338.0,2500.0,€,games,Italy,ended,3
1,https://www.kicktraq.com/projects/archons-court/orbiters-local-519/,23.02.2022,09.03.2022,14,295,3505.0,700.0,$,games,NE,ended,3
1,https://www.kicktraq.com/projects/miskatonic-woods-co/rpg-classic-monsters-gelatinous-cube-dandd-coaster-3/,18.02.2022,08.03.2022,19,128,1515.0,50.0,$,games,FL,ended,1
1,https://www.kicktraq.com/projects/thestereo/the-stereo-thirteen-lp-and-podcast/,09.02.2022,09.03.2022,29,342,41176.0,5000.0,$,music,MN,ended,5
1,https://www.kicktraq.com/projects/forbidden/theres-an-alien-in-my-toilet-first-flush/,15.02.2022,08.03.2022,22,86,2232.0,1500.0,$,comics,TX,ended,24
1,https://www.kicktraq.com/projects/kingdomsforlorn/kingdoms-forlorn-dragons-devils-and-kings/,15.02.2022,08.03.2022,21,6164,1121157.0,50000.0,€,games,Poland,ended,44
1,https://www.kicktraq.com/projects/insideupgames/earth-1/,15.02.2022,08.03.2022,22,10512,731073.0,42475.0,$,games,Canada,ended,12
1,https://www.kicktraq.com/projects/dumpster-fire/my-first-pandemic-a-collection-of-short-comics/,08.02.2022,10.03.2022,30,53,1565.0,1000.0,$,comics,Canada,ended,1
1,https://www.kicktraq.com/projects/cattocha/teyvat-buddies-genshin-impact-plush-dolls/,08.02.2022,10.03.2022,31,153,10646.0,2000.0,$,games,CA,ended,8
1,https://www.kicktraq.com/projects/alanbackpack101/alex-d1-duffle-bag-minimal-gym-travel-sling-bag-backpack/,18.01.2022,10.03.2022,51,156,134916.0,10000.0,HK$,design,Hong Kong,ended,0
1,https://www.kicktraq.com/projects/thirdwayind/memoria-playing-cards/,01.03.2022,10.03.2022,10,435,63340.0,17000.0,€,games,Italy,ended,1
1,https://www.kicktraq.com/projects/folkrevival/bring-folk-revival-to-life/,22.02.2022,09.03.2022,15,54,4068.0,3500.0,$,music,Canada,ended,1
1,https://www.kicktraq.com/projects/krististalder/just-like-the-moon/,08.02.2022,10.03.2022,30,330,13038.0,2000.0,$,publishing,WA,ended,8
1,https://www.kicktraq.com/projects/codycutler/the-time-travelers-radio-show-season-two/,15.02.2022,09.03.2022,22,96,3879.0,2600.0,$,film & video,UT,ended,3
1,https://www.kicktraq.com/projects/730478488/kindred-0/,08.02.2022,10.03.2022,30,110,7351.0,3000.0,$,art,IL,ended,1
1,https://www.kicktraq.com/projects/sunshingtaiwan/s-pure-eco-cleanest-bottle-for-all-your-needs/,11.01.2022,10.03.2022,58,402,3290069.0,341500.0,¥,design,Taiwan,ended,2
1,https://www.kicktraq.com/projects/thelostmelodytrio/ill-see-you-again-a-tribute-to-vince-maggio/,08.02.2022,10.03.2022,30,102,8626.0,8500.0,$,music,FL,ended,0
1,https://www.kicktraq.com/projects/transcendous/live-free-40-day-neuro-empowerment-program-0/,15.02.2022,08.03.2022,21,42,6104.0,5000.0,$,technology,AZ,ended,2
1,https://www.kicktraq.com/projects/lucy-cup/lucy-cup-0/,08.02.2022,10.03.2022,30,462,20007.0,5000.0,€,design,Italy,ended,0
1,https://www.kicktraq.com/projects/harpy/harpy-of-the-west-1/,08.02.2022,10.03.2022,30,113,2630.0,1600.0,$,comics,CO,ended,1
1,https://www.kicktraq.com/projects/tomleveen/becketts-last-mixtape/,08.02.2022,10.03.2022,30,117,3362.0,2300.0,$,comics,AZ,ended,9
1,https://www.kicktraq.com/projects/admapocalypse/aztec-ruins/,08.02.2022,10.03.2022,30,75,1757.0,100.0,€,games,Italy,ended,8
1,https://www.kicktraq.com/projects/mfitzh2o/song-of-the-jackalope/,08.02.2022,10.03.2022,30,74,8415.0,8000.0,$,publishing,CA,ended,11
1,https://www.kicktraq.com/projects/tangentartists/must-love-dragons-0/,08.02.2022,10.03.2022,31,76,3272.0,2000.0,$,publishing,VA,ended,7
1,https://www.kicktraq.com/projects/1307961364/ill-meet-you-on-a-shooting-star/,08.02.2022,10.03.2022,30,91,3009.0,2500.0,$,publishing,FL,ended,3
1,https://www.kicktraq.com/projects/colibry/handso/,08.02.2022,10.03.2022,30,5297,226160.0,20000.0,€,design,Italy,ended,3
1,https://www.kicktraq.com/projects/princepsgames/downtown-chase-0/,24.02.2022,10.03.2022,14,61,2460.0,2000.0,$,games,Serbia,ended,3
1,https://www.kicktraq.com/projects/colleenwilliams/waterline/,08.02.2022,10.03.2022,30,381,2297.0,150.0,$,games,GA,ended,3
1,https://www.kicktraq.com/projects/e-raptor/fantasy-village-wargaming-terrain/,24.02.2022,10.03.2022,14,131,13962.0,5000.0,€,games,Poland,ended,4
1,https://www.kicktraq.com/projects/samstilwell/my-friend-short-wwii-film-2022/,13.01.2022,10.03.2022,56,28,1137.0,800.0,£,film & video,UK,ended,0
1,https://www.kicktraq.com/projects/trevorfosterstudio/time-less-duality-in-a-porcelain-coffee-mug/,08.02.2022,10.03.2022,30,96,14697.0,5000.0,$,art,WA,ended,3
1,https://www.kicktraq.com/projects/uophd/good-grief-student-short-film/,08.02.2022,10.03.2022,30,22,805.0,800.0,£,film & video,UK,ended,0
1,https://www.kicktraq.com/projects/huginn-muninn-games/solar-system-art-drink-coaster-aurea-style/,08.02.2022,10.03.2022,30,19,298.0,200.0,€,games,Austria,ended,0
1,https://www.kicktraq.com/projects/blodlina/blolina-a-viking-fight-musical/,08.02.2022,10.03.2022,30,163,4640.0,3000.0,£,theater,UK,ended,8
1,https://www.kicktraq.com/projects/f23/jansen-art-folio-38-omicron/,24.02.2022,10.03.2022,14,8,168.0,58.0,$,art,TX,ended,0
1,https://www.kicktraq.com/projects/fickle-pickle-studio/black-water-tiger-hard-enamel-pin/,16.02.2022,10.03.2022,22,32,493.0,260.0,£,fashion,UK,ended,2
1,https://www.kicktraq.com/projects/jasminep/the-wealth-playground-a-kids-money-book-series/,15.02.2022,10.03.2022,23,195,14098.0,8500.0,$,publishing,TX,ended,4
1,https://www.kicktraq.com/projects/redbeardboss/ghost-terrain-flat-and-filbert-paint-brushes-for-miniatures/,07.02.2022,10.03.2022,31,826,78682.0,1000.0,$,games,AZ,ended,10
1,https://www.kicktraq.com/projects/silisili/sili-sili-the-warmest-yoga-mat-with-music/,03.02.2022,10.03.2022,35,22,23977.0,16000.0,HK$,design,Hong Kong,ended,2
1,https://www.kicktraq.com/projects/joshuamorganfilm/tapioca/,05.02.2022,10.03.2022,33,30,3325.0,3250.0,$,film & video,FL,ended,4
1,https://www.kicktraq.com/projects/wendigofilm/wendigo-0/,28.01.2022,10.03.2022,41,13,508.0,300.0,$,film & video,Canada,ended,0
1,https://www.kicktraq.com/projects/bitbybitstudios/thirsty-heroes-a-dungeon-crawling-management-game/,09.02.2022,10.03.2022,29,910,29279.0,15000.0,$,games,OR,ended,3
1,https://www.kicktraq.com/projects/982272706/pom-4/,16.02.2022,09.03.2022,21,347,11674.0,6000.0,$,comics,CA,ended,4
1,https://www.kicktraq.com/projects/wycheselves/marines-vs-insectoids-32mm-stl-files-miniatures/,17.02.2022,09.03.2022,21,70,1434.0,500.0,€,games,Spain,ended,7
1,https://www.kicktraq.com/projects/laidbackdm/shotglass-rounds-volume-1-hardcover/,22.02.2022,09.03.2022,15,233,7974.0,1000.0,$,games,AU,ended,6
1,https://www.kicktraq.com/projects/buttcracker5/space-50/,07.02.2022,09.03.2022,30,58,4452.0,2001.0,$,dance,WA,ended,4
1,https://www.kicktraq.com/projects/qoocam-ego/qoocam-ego-snap-view-editandshare-your-3d-content-instantly/,08.02.2022,10.03.2022,30,967,290303.0,30000.0,$,technology,CA,ended,4
1,https://www.kicktraq.com/projects/2076010629/stylized-middle-ages-part-3/,18.02.2022,10.03.2022,20,32,2074.0,400.0,€,games,Germany,ended,2
1,https://www.kicktraq.com/projects/1200179541/blind-spot-0/,09.02.2022,09.03.2022,29,69,6421.0,5700.0,£,film & video,UK,ended,0
1,https://www.kicktraq.com/projects/booshieboocircus/mind-bender-a-modern-take-on-the-monkeys-claw/,07.02.2022,09.03.2022,30,65,1836.0,1000.0,$,comics,TX,ended,2
1,https://www.kicktraq.com/projects/elevatedcraft/hybrid-cocktail-glass-by-elevated-craft/,08.02.2022,10.03.2022,30,4962,735473.0,10500.0,$,design,AZ,ended,4
1,https://www.kicktraq.com/projects/greysonwhy/d6-arkfort-etc-gm-less-pocket-rpgs/,24.02.2022,10.03.2022,15,238,4452.0,666.0,$,games,OH,ended,6
1,https://www.kicktraq.com/projects/1605232464/wooden-decision-coin-flip-to-decide/,09.02.2022,10.03.2022,30,10,114.0,100.0,£,games,UK,ended,1
1,https://www.kicktraq.com/projects/vldl/viva-la-dirt-league-the-great-expansion/,15.02.2022,10.03.2022,24,31710,2520907.0,100000.0,$,film & video,NZ,ended,24
1,https://www.kicktraq.com/projects/nordgames/elements-of-inspiration/,08.02.2022,10.03.2022,31,2794,230496.0,20000.0,$,games,CA,ended,9
1,https://www.kicktraq.com/projects/marygraves/pride-frogs-enamel-pins-0/,08.02.2022,10.03.2022,30,45,6217.0,5000.0,kr,art,Denmark,ended,1
1,https://www.kicktraq.com/projects/obscurascomics/tesla-on-mars-part-two/,08.02.2022,10.03.2022,30,138,5975.0,5300.0,$,comics,CT,ended,2
1,https://www.kicktraq.com/projects/cawlin/gig-economy/,22.02.2022,09.03.2022,16,984,10629.0,200.0,$,games,Canada,ended,5
1,https://www.kicktraq.com/projects/leonardodonadio/dissonance-1/,10.02.2022,10.03.2022,29,19,401.0,300.0,£,film & video,UK,ended,2
1,https://www.kicktraq.com/projects/blackmosscomics/iron-tides-1/,08.02.2022,10.03.2022,30,60,1731.0,1500.0,$,comics,WA,ended,5
1,https://www.kicktraq.com/projects/coffeechaps/airmill-coffee-grinder/,09.01.2022,10.03.2022,60,66,224781.0,200000.0,HK$,technology,Hong Kong,ended,0
1,https://www.kicktraq.com/projects/pocketjacks/lords-of-iron-1-value-campaign/,17.02.2022,10.03.2022,22,158,5094.0,5000.0,$,comics,TX,ended,8
1,https://www.kicktraq.com/projects/londondockdeaths/the-adventure-of-the-bloody-duck-sherlock-holmes/,08.02.2022,10.03.2022,30,61,1950.0,500.0,$,publishing,AU,ended,1
1,https://www.kicktraq.com/projects/bishiepro/genshin-gliders-vol1/,06.02.2022,10.03.2022,32,34,1682.0,1300.0,$,art,CA,ended,5
1,https://www.kicktraq.com/projects/owlandbearstudio/lgbtq2sia-subtle-pride-frog-enamel-pins/,02.03.2022,10.03.2022,8,114,5384.0,5000.0,$,fashion,Canada,ended,0
1,https://www.kicktraq.com/projects/crazygrouptrio/mawthorne-nes-game/,08.02.2022,10.03.2022,30,345,24815.0,5000.0,$,games,IL,ended,7
1,https://www.kicktraq.com/projects/dynastytcg/dynasty-tcg-sample-cny-cards-and-packs/,31.01.2022,10.03.2022,38,57,10004.0,2300.0,£,games,UK,ended,16
1,https://www.kicktraq.com/projects/796990185/rumination-cassie-poker-playing-cards-vol-2-novakain-deck/,01.03.2022,10.03.2022,9,50,4269.0,1111.0,$,games,NV,ended,0
1,https://www.kicktraq.com/projects/dman/dread-revels/,08.02.2022,10.03.2022,30,351,4136.0,500.0,$,games,WA,ended,2
1,https://www.kicktraq.com/projects/oceanusbrass/stateroom/,12.01.2022,10.03.2022,58,2176,119799.0,250.0,$,design,MA,ended,9
1,https://www.kicktraq.com/projects/ckh/make100-the-shaman-states-of-america-novel-collection/,24.01.2022,10.03.2022,45,40,2098.0,1976.0,$,comics,TX,ended,3
1,https://www.kicktraq.com/projects/amulet-of-the-witch/duology-of-vampires-two-books-in-one/,08.02.2022,10.03.2022,30,17,1362.0,750.0,$,publishing,AU,ended,2
1,https://www.kicktraq.com/projects/hecateediciones/run-and-gun/,08.02.2022,10.03.2022,30,44,399.0,200.0,€,games,France,ended,10
1,https://www.kicktraq.com/projects/1446020946/good-boy-v2-1-out-to-pasture/,17.02.2022,10.03.2022,21,522,41095.0,10000.0,$,comics,MI,ended,1
1,https://www.kicktraq.com/projects/lydy/lydy-your-reusable-lid/,07.02.2022,09.03.2022,30,91,4882.0,2500.0,$,design,AU,ended,0
1,https://www.kicktraq.com/projects/teamditto/poke-gang-hard-enamel-pins/,18.02.2022,10.03.2022,21,25,866.0,400.0,$,art,CA,ended,1
1,https://www.kicktraq.com/projects/jamieme/b-mecha/,08.02.2022,10.03.2022,30,213,3893.0,3000.0,£,comics,UK,ended,7
1,https://www.kicktraq.com/projects/lauradre/kyoto-dreams-limited-edition-collectors-vinyl/,08.02.2022,10.03.2022,31,111,11125.0,8300.0,€,music,Germany,ended,8
1,https://www.kicktraq.com/projects/282963275/under-the-bed-tarot/,08.02.2022,10.03.2022,30,236,13737.0,7000.0,$,art,OR,ended,4
1,https://www.kicktraq.com/projects/kitori-academy/kitori-academy-a-magical-life-sim-of-a-wizard-apprentice/,08.02.2022,10.03.2022,31,2470,82451.0,29750.0,£,games,UK,ended,17
1,https://www.kicktraq.com/projects/calvinnyecomics/joe-hero-issue-5-right-of-passage-part-2/,14.02.2022,11.03.2022,25,21,1138.0,1000.0,$,comics,CA,ended,5
1,https://www.kicktraq.com/projects/goldenwolfart/goldenwolfs-sketchbook-volume-5/,24.02.2022,11.03.2022,15,100,5116.0,1300.0,$,publishing,NM,ended,3
1,https://www.kicktraq.com/projects/1756088288/eod-fat-bombsuit-running-challenge-coin/,09.02.2022,11.03.2022,30,279,12738.0,2500.0,$,art,NC,ended,7
1,https://www.kicktraq.com/projects/joshuaclinton/scottish-wildcat-documentary-urgent-help-required/,09.02.2022,11.03.2022,30,22,545.0,500.0,£,film & video,UK,ended,1
1,https://www.kicktraq.com/projects/fantasyfucs/lets-rock-gator-inspired-silicone-adult-toy/,10.01.2022,11.03.2022,60,53,2622.0,2600.0,$,art,Canada,cancelled,0
1,https://www.kicktraq.com/projects/jaybyrdmusic/jay-byrds-new-album-at-home-again-needs-funding/,09.02.2022,11.03.2022,30,53,2630.0,2000.0,$,music,MD,ended,2
1,https://www.kicktraq.com/projects/everettehartsoe/everette-hartsoes-badgirl-artwork-vol3/,02.03.2022,11.03.2022,10,85,4033.0,1111.0,$,comics,FL,ended,0
1,https://www.kicktraq.com/projects/labelletinker/what-stalks-the-fobby-cobbled-streets/,25.02.2022,11.03.2022,14,133,915.0,350.0,$,games,OR,ended,4
1,https://www.kicktraq.com/projects/noisyheadgames/beyond-the-long-night/,08.02.2022,10.03.2022,31,276,10812.0,8000.0,£,games,UK,ended,14
1,https://www.kicktraq.com/projects/pinnablez/midnight-girls-after-hours/,14.02.2022,11.03.2022,25,138,15366.0,3000.0,$,art,Canada,ended,10
1,https://www.kicktraq.com/projects/thelondonpubcrawl/the-london-pub-crawl/,17.02.2022,11.03.2022,23,119,9188.0,8500.0,£,games,UK,ended,3
1,https://www.kicktraq.com/projects/thewanderingorder/caverns-of-mourning/,18.02.2022,11.03.2022,22,363,6492.0,500.0,$,games,MN,ended,9
1,https://www.kicktraq.com/projects/arcanescrollworks4/dossier-decks-5e-fantasy-environments/,09.02.2022,11.03.2022,30,420,28029.0,6000.0,$,games,NM,ended,7
1,https://www.kicktraq.com/projects/horrormadness/krampus-5-the-snow-beast/,10.01.2022,11.03.2022,60,21,1476.0,1000.0,$,film & video,OH,ended,6
1,https://www.kicktraq.com/projects/bubbadawg/stackii-game-storage-and-in-game-organizer/,15.02.2022,11.03.2022,24,155,3674.0,200.0,£,games,UK,ended,9
1,https://www.kicktraq.com/projects/microgameo/dinosauria-the-microgame-expansion-poker-playing-cards/,14.02.2022,11.03.2022,25,320,5760.0,2500.0,$,games,TX,ended,4
1,https://www.kicktraq.com/projects/iownfish/flowers-from-the-smp-a-dsmp-enamel-pin-set/,09.02.2022,11.03.2022,31,23,1695.0,1000.0,$,art,AU,ended,4
1,https://www.kicktraq.com/projects/slite/slite-the-worlds-most-portable-light-for-creatives/,09.02.2022,11.03.2022,31,576,305793.0,17500.0,$,technology,AU,ended,4
1,https://www.kicktraq.com/projects/1072104869/sustainable-fabric-bags-and-italian-made-leather-tote/,04.02.2022,11.03.2022,35,13,1560.0,1500.0,$,fashion,CA,ended,0
1,https://www.kicktraq.com/projects/beenhereyesterday/shoulda-been-here-yesterday/,10.01.2022,11.03.2022,60,57,3843.0,3400.0,$,art,GA,ended,0
1,https://www.kicktraq.com/projects/the-hordes-of-chaos/cult-of-the-blemmye-dh-set-3/,24.02.2022,11.03.2022,15,38,1558.0,150.0,£,games,UK,ended,4
1,https://www.kicktraq.com/projects/trancemetals/museum-cube-4-oligodynamic-copper-kilo/,24.02.2022,11.03.2022,15,51,11750.0,5000.0,$,design,TX,ended,1
1,https://www.kicktraq.com/projects/committedcomics/nira-x-reborn-issue-3-the-final-chapter/,09.02.2022,11.03.2022,31,403,21366.0,2500.0,$,comics,WA,ended,18
1,https://www.kicktraq.com/projects/venatrix/fantasy-enamel-pin-collection-vol2/,09.02.2022,11.03.2022,30,81,1478.0,1100.0,£,art,UK,ended,0
1,https://www.kicktraq.com/projects/terranovapress/another-love-discourse/,25.01.2022,11.03.2022,45,18,5010.0,5000.0,$,publishing,NY,ended,1
1,https://www.kicktraq.com/projects/funfunfun/hezen-fun-music-video/,23.02.2022,12.03.2022,17,32,1352.0,500.0,£,music,UK,ended,0
1,https://www.kicktraq.com/projects/ichimoku/ichimoku-samue-traditional-japanese-work-clothes-updated/,25.01.2022,11.03.2022,46,143,2911750.0,100000.0,¥,design,Japan,ended,1
1,https://www.kicktraq.com/projects/1980125148/norse-diety-patrons/,09.02.2022,11.03.2022,30,59,711.0,500.0,$,games,MD,ended,11
1,https://www.kicktraq.com/projects/larawhitley/written-in-the-trees-a-forest-spiral/,09.02.2022,12.03.2022,31,106,21779.0,20955.0,$,art,CO,ended,1
1,https://www.kicktraq.com/projects/davemalone/tornado-drill/,17.02.2022,12.03.2022,23,47,3610.0,3525.0,$,publishing,MO,ended,2
1,https://www.kicktraq.com/projects/retrievalthefilm/retrieval/,09.02.2022,11.03.2022,30,164,15176.0,10000.0,$,film & video,NY,ended,1
1,https://www.kicktraq.com/projects/queenofteacups/bubbs-in-space-a-childrens-book-about-autism/,11.01.2022,12.03.2022,60,73,4750.0,4000.0,$,publishing,NC,ended,6
1,https://www.kicktraq.com/projects/arithebrave/ari-the-brave-and-the-magic-dream-fairy/,15.02.2022,11.03.2022,25,172,6851.0,6500.0,$,publishing,FL,ended,3
1,https://www.kicktraq.com/projects/afterburnett/nz-retro-magazine-the-golden-age-of-kiwi-gaming-in-print/,10.02.2022,12.03.2022,30,270,8512.0,2000.0,$,journalism,NZ,ended,22
1,https://www.kicktraq.com/projects/garyhampton/snow-days-7-vinyl-single-for-ihttmfiaw/,21.01.2022,11.03.2022,50,85,2742.0,2000.0,$,music,Canada,ended,4
1,https://www.kicktraq.com/projects/5emonstercards/yigderra-ttrpg-a-mork-borg-hack/,25.02.2022,11.03.2022,15,96,1375.0,300.0,$,games,PA,ended,4
1,https://www.kicktraq.com/projects/equinoxsixelements/equinox-a-storytelling-game-for-1-6-players/,22.02.2022,11.03.2022,18,169,4527.0,800.0,$,games,MD,ended,3
1,https://www.kicktraq.com/projects/callingcoins/calling-coins/,10.01.2022,11.03.2022,60,99,3128.0,1500.0,$,design,IL,ended,5
1,https://www.kicktraq.com/projects/1012019432/makerpi-p3-pro-5-in-1-idex-3d-printer-with-modular-extrude/,09.02.2022,11.03.2022,30,149,747743.0,77928.0,HK$,technology,Hong Kong,ended,3
1,https://www.kicktraq.com/projects/yeelock/yeelock-the-anti-theft-fingerprint-disc-brake-lock/,25.01.2022,11.03.2022,45,557,61774.0,5000.0,$,design,Canada,ended,2
1,https://www.kicktraq.com/projects/aldo-schwartz/daniel-harris-quintet-analog-music-video/,28.02.2022,12.03.2022,12,19,2500.0,2500.0,$,film & video,CA,ended,0
1,https://www.kicktraq.com/projects/paulzitney584520/get-your-motor-running-engine-watch/,16.02.2022,11.03.2022,23,64,41123.0,2000.0,$,fashion,PA,ended,4
1,https://www.kicktraq.com/projects/mpmagic/mp-magic-supima-cotton-odorless-socks-20/,20.01.2022,11.03.2022,50,497,30783.0,1000.0,$,design,CA,ended,2
1,https://www.kicktraq.com/projects/sagus93/surfers-paradise-tarot-and-fools-guide-to-galaxy/,11.01.2022,12.03.2022,60,89,13769.0,13000.0,€,publishing,Spain,ended,0
1,https://www.kicktraq.com/projects/bnw/black-and-white-2/,14.02.2022,11.03.2022,25,22,786.0,400.0,£,film & video,UK,ended,0
1,https://www.kicktraq.com/projects/echorests/dr-dulbys-subsets-specimen-and-spells/,01.02.2022,11.03.2022,38,62,1647.0,550.0,$,games,CA,ended,3
1,https://www.kicktraq.com/projects/bigbosserndog/pry-into-the-void/,08.02.2022,11.03.2022,32,170,5218.0,3000.0,$,games,FL,ended,5
1,https://www.kicktraq.com/projects/680463609/buzzlight-worlds-first-wearable-voice-recorder-id-badge/,08.02.2022,11.03.2022,31,122,8306.0,5000.0,$,design,NY,ended,1
1,https://www.kicktraq.com/projects/sunriselove/sunrise-love/,25.02.2022,11.03.2022,14,19,677.0,600.0,$,film & video,PA,ended,1
1,https://www.kicktraq.com/projects/sculpting/eeveelution-boba-stickers/,08.02.2022,10.03.2022,30,32,640.0,200.0,$,art,TX,ended,4
1,https://www.kicktraq.com/projects/wedesign/we-powerfolio-10-wireless-and-wire-charging-folio/,29.01.2022,10.03.2022,40,20,12586.0,1500.0,HK$,technology,Hong Kong,ended,2
1,https://www.kicktraq.com/projects/catradora/awsum-pawsums-plushies-and-babies/,09.02.2022,11.03.2022,30,41,2896.0,2000.0,$,art,CA,ended,2
1,https://www.kicktraq.com/projects/pscili-stickers/pscili-little-stickers/,10.02.2022,12.03.2022,30,40,1459.0,1400.0,$,art,IL,ended,0
1,https://www.kicktraq.com/projects/mpcplayingcards/bubble-gum-and-yellow-fluorescent-ink-playing-cards/,28.01.2022,11.03.2022,43,247,110930.0,25000.0,HK$,games,Hong Kong,ended,0
1,https://www.kicktraq.com/projects/therbis/nordic-wolves-a-pin-and-textile-collection/,01.03.2022,11.03.2022,10,36,3124.0,900.0,€,crafts,Germany,ended,3
1,https://www.kicktraq.com/projects/sheerdesign/project-rotory-cutter-v2/,10.02.2022,12.03.2022,30,11,3766.0,3000.0,$,design,IL,ended,3
1,https://www.kicktraq.com/projects/nijistoria/spill-the-tea-enamel-pins-collection-2/,21.02.2022,10.03.2022,18,91,6402.0,300.0,$,art,Singapore,ended,4
1,https://www.kicktraq.com/projects/sleepyrogue/dnd-class-enamel-pins/,15.02.2022,12.03.2022,26,24,1388.0,500.0,$,fashion,UT,cancelled,1
1,https://www.kicktraq.com/projects/studiorots/asadkmab-series/,11.01.2022,12.03.2022,60,5,837.0,600.0,€,art,Belgium,ended,2
1,https://www.kicktraq.com/projects/lzd/postcards-from-back-home/,10.02.2022,12.03.2022,30,24,638.0,550.0,$,photography,IL,ended,0
1,https://www.kicktraq.com/projects/katzenjammerpins/valley-of-winds-japanese-spring-inspired-hard-enamel-pins/,22.02.2022,12.03.2022,19,172,11231.0,600.0,€,art,Germany,ended,5
1,https://www.kicktraq.com/projects/arigonzalez/open-minds-t-shirts/,10.02.2022,12.03.2022,30,41,2485.0,2100.0,$,fashion,IL,ended,4
1,https://www.kicktraq.com/projects/1976127941/hotel-belle-vue/,11.02.2022,12.03.2022,29,250,6377.0,100.0,€,games,Poland,ended,13
1,https://www.kicktraq.com/projects/lifetapstudios/the-brew-barons/,10.02.2022,12.03.2022,30,334,23172.0,20000.0,$,games,Canada,ended,7
1,https://www.kicktraq.com/projects/dadsgivebirthtoo/dads-give-birth-too/,10.02.2022,12.03.2022,30,365,16220.0,14939.0,$,publishing,TX,ended,2
1,https://www.kicktraq.com/projects/palettepins/sally-the-mermaid-cat-childrens-book/,12.01.2022,11.03.2022,58,106,5515.0,5000.0,$,publishing,FL,ended,2
1,https://www.kicktraq.com/projects/2013244077/welcoming-spring/,12.02.2022,12.03.2022,28,13,873.0,777.0,$,art,SC,ended,0
1,https://www.kicktraq.com/projects/heresyminiatures/plastic-28mm-undead-ghouls/,06.03.2022,12.03.2022,7,198,10687.0,2000.0,£,games,UK,ended,13
1,https://www.kicktraq.com/projects/jonathanhedrick/caffeinated-hearts-by-jonathan-hedrick-and-stefano-cardoselli/,14.02.2022,11.03.2022,26,263,5236.0,4500.0,$,comics,FL,ended,6
1,https://www.kicktraq.com/projects/dancotezen/nikola-tesla-scifi-comic-adventure-for-all-ages/,10.01.2022,11.03.2022,60,33,1159.0,1000.0,$,comics,CA,ended,9
1,https://www.kicktraq.com/projects/kouritohi/slime-bubble-tea/,25.02.2022,11.03.2022,15,38,1041.0,200.0,€,crafts,Spain,ended,6
1,https://www.kicktraq.com/projects/897908064/gothic-architecture-restart/,01.03.2022,11.03.2022,10,34,2878.0,1000.0,$,design,IL,ended,0
1,https://www.kicktraq.com/projects/steamcrow/stitch-like-a-witch-handbook/,25.02.2022,11.03.2022,14,230,26783.0,5000.0,$,design,AZ,ended,3
1,https://www.kicktraq.com/projects/melaniethipsomphou/in-the-willows/,08.02.2022,10.03.2022,30,52,1176.0,300.0,$,comics,NY,ended,2
1,https://www.kicktraq.com/projects/geoffreysiu/adam-and-steve-pride-collection/,25.02.2022,11.03.2022,15,52,1773.0,500.0,$,fashion,HI,ended,6
1,https://www.kicktraq.com/projects/maryflanagan/retrograde-4/,15.02.2022,11.03.2022,25,627,25695.0,22500.0,$,games,NH,ended,11
1,https://www.kicktraq.com/projects/fuzzballs/fuzzballs-affordable-space-adventures-kawaii-enamel-pins/,21.02.2022,11.03.2022,19,90,4364.0,350.0,£,art,UK,ended,3
1,https://www.kicktraq.com/projects/cutawaycomics/gods-and-monsters-book-one/,18.02.2022,11.03.2022,22,215,15205.0,4000.0,£,comics,UK,ended,0
1,https://www.kicktraq.com/projects/caravel4/outercourse-clothing/,27.02.2022,11.03.2022,13,12,148.0,80.0,$,fashion,CA,ended,2
1,https://www.kicktraq.com/projects/deviantside/want-a-peak-volume-3-bad-boys/,19.02.2022,12.03.2022,21,85,5027.0,1400.0,$,art,TX,ended,5
1,https://www.kicktraq.com/projects/magicalmushrooms/magical-mushrooms-enamel-pin-collection/,15.02.2022,11.03.2022,25,46,2360.0,1300.0,$,fashion,IL,ended,1
1,https://www.kicktraq.com/projects/7radtillmustafa/7-rad-till-mustafa-pa-arabiska-och-somaliska/,10.02.2022,12.03.2022,30,279,350801.0,350000.0,kr,journalism,Sweden,ended,0
1,https://www.kicktraq.com/projects/baltimore/j-is-for-j-dive-the-abcs-of-killer-queen/,25.02.2022,12.03.2022,15,42,1434.0,1200.0,$,publishing,MD,ended,4
1,https://www.kicktraq.com/projects/builtbybittle/make-100-dagger-shaped-hardwood-dice-vaults/,31.01.2022,12.03.2022,40,62,9204.0,600.0,$,games,AR,ended,9
1,https://www.kicktraq.com/projects/gofetchr/gofetchr-the-ultimate-fetch-machine-for-your-dogs/,11.01.2022,12.03.2022,60,31,6257.0,5000.0,$,technology,Singapore,cancelled,0
1,https://www.kicktraq.com/projects/formulaflawless/the-worlds-first-100-fresh-skincare-products/,09.02.2022,12.03.2022,31,83,16298.0,15000.0,$,design,FL,ended,0
1,https://www.kicktraq.com/projects/diehardsandunitards/diehards-and-unitards-issue-2-0/,06.02.2022,11.03.2022,34,12,317.0,300.0,£,publishing,UK,ended,0
1,https://www.kicktraq.com/projects/monsterbrainsoup/dragons-of-teyvat/,10.02.2022,12.03.2022,30,79,4274.0,4000.0,$,art,MA,ended,3
1,https://www.kicktraq.com/projects/plenbo/g-case-the-ultimate-gaming-case-for-nintendo-switch-and-oled/,11.01.2022,12.03.2022,60,3311,4807423.0,155960.0,HK$,technology,Hong Kong,ended,7
1,https://www.kicktraq.com/projects/653766236/mahjong-party/,09.02.2022,11.03.2022,31,32,2137.0,2000.0,$,games,Canada,ended,6
1,https://www.kicktraq.com/projects/angelarium/chibi-angelarium-enamel-pin-set/,10.02.2022,12.03.2022,30,318,17302.0,5500.0,$,art,FL,ended,1
1,https://www.kicktraq.com/projects/foragerben/foraging-cards/,10.02.2022,12.03.2022,31,20,548.0,250.0,£,crafts,UK,ended,2
1,https://www.kicktraq.com/projects/thecomicbookdealer/the-hunger-1/,10.02.2022,12.03.2022,30,166,12204.0,6000.0,£,comics,UK,ended,12
1,https://www.kicktraq.com/projects/3dprintmill/creality-cr-scan-lizard-capturing-fine-details-of-view/,10.02.2022,12.03.2022,30,9470,31600994.0,100000.0,HK$,technology,Hong Kong,ended,26
1,https://www.kicktraq.com/projects/wyrdsisters/wyrd-sisters/,27.01.2022,12.03.2022,44,24,3264.0,3000.0,£,theater,UK,ended,1
1,https://www.kicktraq.com/projects/missohana/aventure-is-out-there-pins-disney-la-haut/,10.02.2022,12.03.2022,30,51,1729.0,1700.0,€,art,France,ended,0
1,https://www.kicktraq.com/projects/pintwinspresent/owlbear-party-rpg-enamel-pins/,10.02.2022,12.03.2022,30,36,1058.0,200.0,£,games,UK,ended,2
1,https://www.kicktraq.com/projects/chiopt/a-full-frame-zoom-lens-used-for-film-and-television/,15.02.2022,12.03.2022,25,30,57063.0,50000.0,$,technology,Singapore,ended,4
1,https://www.kicktraq.com/projects/dachrii/kuron-quest/,04.02.2022,06.03.2022,30,15,1456.0,800.0,$,games,WI,ended,7
1,https://www.kicktraq.com/projects/dpn/dread-pirate-nova/,05.01.2022,06.03.2022,60,11,1010.0,1000.0,$,publishing,KY,ended,1
1,https://www.kicktraq.com/projects/jojolenoir/monstertamer/,20.01.2022,06.03.2022,45,20,674.0,500.0,$,games,MO,ended,2
1,https://www.kicktraq.com/projects/bookshelfbags/colour-your-own-wheres-watto-book/,11.01.2022,12.03.2022,60,62,2076.0,1500.0,£,publishing,UK,ended,3
1,https://www.kicktraq.com/projects/451718837/make-100-little-gems-cat-paintings-fine-art-prints/,04.02.2022,06.03.2022,30,21,2033.0,900.0,$,art,CA,ended,1
1,https://www.kicktraq.com/projects/crocgames/rise-of-the-crocodile-queen-28mm-metal-miniatures/,09.02.2022,06.03.2022,26,199,27392.0,6000.0,$,games,IN,ended,13
1,https://www.kicktraq.com/projects/abresch/your-life-random-fantasy-character-backgrounds/,04.02.2022,06.03.2022,30,326,2118.0,400.0,$,games,VA,ended,0
1,https://www.kicktraq.com/projects/red30music/red-30-debut-ep-and-music-video/,20.02.2022,06.03.2022,15,19,1534.0,1500.0,$,music,TN,ended,1
1,https://www.kicktraq.com/projects/halfpast/half-past-intimates/,20.01.2022,06.03.2022,45,110,16967.0,5000.0,$,fashion,Canada,ended,0
1,https://www.kicktraq.com/projects/insymmetrycreations/heirs-of-isildur-the-perilous-prospects-1/,08.02.2022,06.03.2022,27,187,8281.0,3700.0,$,comics,FL,ended,17
1,https://www.kicktraq.com/projects/balam3d/waifu-unlock-the-burning-cosmos-stl-files-3d-print-nsfw/,18.02.2022,06.03.2022,16,44,27657.0,450.0,MX$,games,Mexico,ended,0
1,https://www.kicktraq.com/projects/1526993781/silent-hill-enamel-pin-collection/,01.02.2022,06.03.2022,34,82,3451.0,600.0,€,art,Spain,ended,2
1,https://www.kicktraq.com/projects/tammyreneemusic/this-is-me-tammy-renee/,04.02.2022,06.03.2022,30,17,10077.0,10000.0,$,music,FL,ended,2
1,https://www.kicktraq.com/projects/isabellearne/isabelle-arne-sketchbooks-2017-2021/,10.02.2022,07.03.2022,25,169,5130.0,1500.0,€,art,France,ended,7
1,https://www.kicktraq.com/projects/astaran/sacred-signs-oracle-deck/,02.02.2022,07.03.2022,33,236,26793.0,25000.0,€,games,Netherlands,ended,6
1,https://www.kicktraq.com/projects/967222541/fine-are-nude-photography-marinela/,25.02.2022,06.03.2022,10,16,726.0,300.0,$,photography,NY,ended,0
1,https://www.kicktraq.com/projects/steverude/2022skb/,11.02.2022,07.03.2022,24,354,24355.0,15000.0,$,comics,AZ,ended,14
1,https://www.kicktraq.com/projects/helmgast/eon-troll-and-vattar-och-tre-aventyr/,17.02.2022,07.03.2022,18,240,187877.0,50000.0,kr,games,Sweden,ended,5
1,https://www.kicktraq.com/projects/rnestudio/sports-time-stl/,21.02.2022,07.03.2022,14,144,4360.0,500.0,€,games,Spain,ended,0
1,https://www.kicktraq.com/projects/863331717/revolutionizing-photography-with-infrared-filters-in-seconds/,25.01.2022,07.03.2022,41,227,27499.0,5000.0,$,technology,NY,ended,2
1,https://www.kicktraq.com/projects/jenkoandco/go-fish-the-national-sea-life-centre/,05.02.2022,07.03.2022,30,32,533.0,450.0,£,games,UK,ended,0
1,https://www.kicktraq.com/projects/gillesbone/nya-nya-neko-hard-enamel-pins-villain-edition/,10.02.2022,07.03.2022,25,244,10712.0,1000.0,£,art,UK,ended,3
1,https://www.kicktraq.com/projects/xploringmap/haunted-witch-hill-hand-drawn-tabletop-maps-for-any-rpg/,04.02.2022,07.03.2022,31,527,3484.0,100.0,€,games,Greece,ended,5
1,https://www.kicktraq.com/projects/127134527/uhf-hat-for-raspberry-pi/,04.02.2022,07.03.2022,31,26,11059.0,10000.0,£,technology,UK,ended,0
1,https://www.kicktraq.com/projects/apbeswick/a-sea-of-sorrow-and-scorn/,05.02.2022,07.03.2022,30,64,1951.0,1000.0,£,publishing,UK,ended,2
1,https://www.kicktraq.com/projects/huntaclue/huntaclue-ultimate-fractal-challenge/,31.01.2022,07.03.2022,35,133,16792.0,3500.0,$,games,FL,ended,0
1,https://www.kicktraq.com/projects/therodentsofthemoon/space-marauders/,15.02.2022,07.03.2022,20,84,2268.0,1000.0,€,games,Spain,ended,8
1,https://www.kicktraq.com/projects/iamrunbox/commuters-backpack-simplicity-made-right/,22.02.2022,06.03.2022,13,123,19386.0,5000.0,€,technology,Sweden,ended,4
1,https://www.kicktraq.com/projects/ansr/angels-lair-of-the-shadow-king/,15.02.2022,07.03.2022,20,49,227.0,20.0,$,games,MO,ended,9
1,https://www.kicktraq.com/projects/farflungfigures/the-silver-feather-adventure-guild/,15.02.2022,07.03.2022,20,115,4176.0,675.0,€,games,Sweden,ended,4
1,https://www.kicktraq.com/projects/brutalquest/planet-28-second-edition/,14.02.2022,07.03.2022,22,877,14170.0,3000.0,£,games,UK,ended,6
