success,url,start_date,end_date,duration,backers,funded,goal,currency,category,country/state,status,updates
1,https://www.kicktraq.com/projects/azpowergirl/nikst/,26.10.2023,11.11.2023,16,291,26591.0,600.0,$,comics,AZ,ended,2
1,https://www.kicktraq.com/projects/brave-rival-album/brave-rival-album-2/,11.09.2023,10.11.2023,61,361,26863.0,15000.0,£,music,UK,ended,3
1,https://www.kicktraq.com/projects/threebanks/geronimo/,02.10.2023,10.11.2023,39,48,5025.0,5000.0,$,film & video,CA,ended,0
1,https://www.kicktraq.com/projects/intimacycards/intimacy-cards/,10.10.2023,09.11.2023,31,208,11264.0,10000.0,€,games,Germany,ended,6
1,https://www.kicktraq.com/projects/krongthip/the-oneand-gadget-bag-meet-all-your-gadget-carrying-needs/,26.09.2023,10.11.2023,46,25,313448.0,300000.0,¥,design,Japan,ended,0
1,https://www.kicktraq.com/projects/audiogearbox/audio-gearbox-by-seven-one-industries/,10.10.2023,09.11.2023,31,40,12293.0,10000.0,$,design,CA,ended,3
1,https://www.kicktraq.com/projects/gnbngames/pantheon-a-deck-builder/,10.10.2023,09.11.2023,31,56,6720.0,6000.0,$,games,ID,ended,4
1,https://www.kicktraq.com/projects/5stargold/street-fighter-6-double-sided-keychains/,10.10.2023,09.11.2023,31,14,607.0,400.0,$,games,MA,ended,3
1,https://www.kicktraq.com/projects/1479320257/easiest-way-to-recycle-plastic-one-cut-label-cutter/,10.10.2023,09.11.2023,31,202,2577.0,2000.0,$,design,NY,ended,5
1,https://www.kicktraq.com/projects/loveofhoney/chocolate-covered-honey-honey-smores-and-honey-fudge/,17.10.2023,07.11.2023,22,86,6020.0,3000.0,$,food,VA,ended,5
1,https://www.kicktraq.com/projects/205773951/gravity-sol-playing-cards-by-pocket-aces/,14.10.2023,08.11.2023,26,376,38975.0,5000.0,$,games,CA,ended,2
1,https://www.kicktraq.com/projects/missekat/fan-made-pokemon-illustration-rare-stickers/,17.10.2023,07.11.2023,21,16,319.0,30.0,$,art,Canada,ended,3
1,https://www.kicktraq.com/projects/sayseidadventure/sayfs-eid-adventure-childrens-book/,08.09.2023,07.11.2023,61,32,6000.0,6000.0,$,publishing,IL,ended,0
1,https://www.kicktraq.com/projects/backshadow/back-shadow/,08.09.2023,07.11.2023,61,27,3042.0,3038.0,€,fashion,Spain,ended,0
1,https://www.kicktraq.com/projects/stonegateforge/indicted-a-prisoners-dilemma/,24.10.2023,07.11.2023,15,23,866.0,500.0,$,games,CA,ended,1
1,https://www.kicktraq.com/projects/kylieandkyle/kylie-and-kyle-siblings-living-in-foster-care/,08.10.2023,07.11.2023,31,11,3502.0,3500.0,$,publishing,GA,ended,0
1,https://www.kicktraq.com/projects/wendigogh/2024-monster-lover-planner-and-extras/,02.11.2023,07.11.2023,6,8,586.0,500.0,$,publishing,NY,ended,0
1,https://www.kicktraq.com/projects/johnmerritt/tentacle-kitty-cottagecore/,10.10.2023,09.11.2023,31,3005,457068.0,126000.0,$,games,TX,ended,16
1,https://www.kicktraq.com/projects/emilyqiu01/just-the-two-of-us-student-short-film/,08.09.2023,07.11.2023,61,9,2541.0,2500.0,$,film & video,CA,ended,0
1,https://www.kicktraq.com/projects/vipc/scp-playing-cards-2nd-edition/,09.10.2023,08.11.2023,31,383,323535.0,30000.0,HK$,games,Hong Kong,ended,6
1,https://www.kicktraq.com/projects/930917191/boxblayde-hi-powered-battery-operated-cardboard-box-cutter/,10.10.2023,10.11.2023,32,657,61372.0,10000.0,$,design,CA,ended,3
1,https://www.kicktraq.com/projects/plane-sailing-games/expect-three-visitors-rpg/,18.10.2023,07.11.2023,21,139,3302.0,1000.0,£,games,UK,ended,3
1,https://www.kicktraq.com/projects/art1/the-stop-looking-start-seeing-book/,08.10.2023,07.11.2023,31,46,3756.0,3750.0,£,publishing,UK,ended,3
1,https://www.kicktraq.com/projects/hunteroftoveraone/hunters-of-tovera-1/,01.10.2023,07.11.2023,38,72,6235.0,6000.0,$,comics,CA,ended,5
1,https://www.kicktraq.com/projects/poisonouspastels/security-breached-2-five-nights-at-freddys-enamel-pins/,08.10.2023,07.11.2023,31,10,417.0,180.0,$,art,TX,ended,4
1,https://www.kicktraq.com/projects/filmindependencetalk/gaining-ground-feature-film-based-on-my-screenplay/,09.09.2023,08.11.2023,60,2,6.0,1.0,$,film & video,CA,ended,0
1,https://www.kicktraq.com/projects/wifeoffreyr/the-real-beowulf-and-the-awakening-of-the-dragon/,28.09.2023,07.11.2023,41,87,2356.0,950.0,€,comics,Germany,ended,4
1,https://www.kicktraq.com/projects/pichidesign/snapti-redefining-style-with-titanium-belt-buckles/,03.10.2023,07.11.2023,36,340,27064.0,5000.0,$,design,Canada,ended,1
1,https://www.kicktraq.com/projects/squatchygames/cryptid-cafe-the-chefs-apprentice/,17.10.2023,07.11.2023,22,480,25408.0,15000.0,$,games,CO,ended,5
1,https://www.kicktraq.com/projects/zerinakaps/faces-of-freedom-0/,08.09.2023,07.11.2023,60,17,1719.0,1500.0,€,photography,Greece,ended,0
1,https://www.kicktraq.com/projects/1943799137/salvos-book-1-an-epic-litrpg-fantasy-novel/,17.10.2023,07.11.2023,22,520,25236.0,5000.0,$,publishing,TX,ended,4
1,https://www.kicktraq.com/projects/nuttyrobotstls/the-madlings-miniatures-stls-for-tabletop-wargaming/,08.10.2023,07.11.2023,31,8,106.0,100.0,$,games,NC,ended,0
1,https://www.kicktraq.com/projects/grimforge/knights-of-the-new-and-old-world/,17.10.2023,07.11.2023,22,184,12058.0,4000.0,€,games,Italy,ended,8
1,https://www.kicktraq.com/projects/thminiatures/rocks-scenery-terrain-for-tabletop-gaming-and-wargames/,08.10.2023,07.11.2023,31,32,6040.0,5000.0,$,games,Canada,ended,2
1,https://www.kicktraq.com/projects/petalparade/a-trip-to-the-museum/,18.10.2023,07.11.2023,21,153,7087.0,500.0,$,art,CA,ended,1
1,https://www.kicktraq.com/projects/hailstormpublishing/of-shadows-and-death/,10.10.2023,07.11.2023,29,107,3895.0,500.0,$,publishing,UT,ended,7
1,https://www.kicktraq.com/projects/melissawright/beyond-the-filigree-wall-deluxe-limited-edition-hardcover/,17.10.2023,07.11.2023,22,208,11932.0,2500.0,$,publishing,IN,ended,8
1,https://www.kicktraq.com/projects/ryancagle/gloom-tarot-and-terror-ttrpg-and-tarot-deck/,31.10.2023,07.11.2023,8,20,1116.0,250.0,$,games,AL,ended,1
1,https://www.kicktraq.com/projects/aaronhodgesauthor/voidlight-limited-edition-fantasy-hardcover-novel/,17.10.2023,07.11.2023,22,113,7942.0,1000.0,$,publishing,NZ,ended,7
1,https://www.kicktraq.com/projects/lal/the-sundial-odysseys-the-desert-queen-childrens-book/,08.10.2023,07.11.2023,31,84,3088.0,500.0,$,publishing,IL,ended,0
1,https://www.kicktraq.com/projects/pamelacummins/dream-interpretation-for-the-mystical-soul/,17.10.2023,07.11.2023,22,10,416.0,300.0,$,publishing,NC,ended,2
1,https://www.kicktraq.com/projects/longg/wireless-airbag-heated-leg-massager-your-personal-masseuse/,09.10.2023,08.11.2023,31,68,45635.0,10000.0,HK$,technology,NY,ended,1
1,https://www.kicktraq.com/projects/volodymyrk/inner-canvas-tarot/,23.10.2023,07.11.2023,16,15,1125.0,1000.0,€,games,Netherlands,ended,0
1,https://www.kicktraq.com/projects/jonhodgsonmaptiles2/king-beowulf/,17.10.2023,07.11.2023,22,425,24036.0,6000.0,£,games,UK,ended,17
1,https://www.kicktraq.com/projects/shp-erotech/technical-support-finishing-funds/,09.10.2023,08.11.2023,31,70,5035.0,5000.0,$,film & video,NY,ended,6
1,https://www.kicktraq.com/projects/shadowedcircle/the-shadowed-circle-compendium/,10.10.2023,08.11.2023,30,177,13815.0,1950.0,$,comics,FL,ended,5
1,https://www.kicktraq.com/projects/holdmyminiature/the-dark-elf-queen-zephyra-pre-supported-stl/,23.10.2023,07.11.2023,15,332,3380.0,100.0,$,games,Germany,ended,2
1,https://www.kicktraq.com/projects/garettstenstrom/paleo-payout-the-card-game-0/,09.10.2023,08.11.2023,31,45,4561.0,4500.0,$,games,MN,ended,3
1,https://www.kicktraq.com/projects/thephoenixprophecy/gilded-thorns-bridgerton-meets-vampire-diaries/,17.10.2023,08.11.2023,23,46,1651.0,1200.0,£,publishing,UK,ended,4
1,https://www.kicktraq.com/projects/asininedave/easy-print-miniatures-vol-2-marsh-of-madness/,01.11.2023,08.11.2023,7,4,61.0,20.0,$,games,AU,ended,1
1,https://www.kicktraq.com/projects/parasite/cult-of-the-descended/,17.10.2023,08.11.2023,23,725,12639.0,750.0,€,games,Spain,ended,8
1,https://www.kicktraq.com/projects/1912814571/jellypie-firefly/,09.10.2023,08.11.2023,31,120,11270.0,10000.0,€,publishing,Netherlands,ended,0
1,https://www.kicktraq.com/projects/allensmith5512/us-music-hip-hop/,07.11.2023,08.11.2023,1,267,1888.0,1000.0,$,music,ME,ended,0
1,https://www.kicktraq.com/projects/cattbui/night-of-the-kewpies-pt1/,01.11.2023,08.11.2023,7,37,1272.0,300.0,$,art,CA,ended,2
1,https://www.kicktraq.com/projects/nocopins/noco-pins-pastel-kitty-collection/,24.09.2023,08.11.2023,46,6,297.0,250.0,$,art,CO,ended,1
1,https://www.kicktraq.com/projects/doufilm/dou-a-short-film-by-a-female-crew/,09.10.2023,08.11.2023,31,57,4471.0,3500.0,£,journalism,China,ended,0
1,https://www.kicktraq.com/projects/lolito/smart-cap-modular-kit-for-any-camera-lens-and-small-monitor/,19.09.2023,08.11.2023,51,29,6352.0,6000.0,€,technology,Netherlands,ended,3
1,https://www.kicktraq.com/projects/bellafrances/bella-frances-debut-ep-ocean-forever/,17.10.2023,07.11.2023,22,16,5000.0,5000.0,$,music,Canada,ended,0
1,https://www.kicktraq.com/projects/torywoollcott/the-trine-oracle/,09.10.2023,08.11.2023,31,196,40205.0,8888.0,$,fashion,Canada,ended,8
1,https://www.kicktraq.com/projects/mumtas/25-days-of-loose-leaf-tea-advent-calendar/,09.10.2023,08.11.2023,31,25,400.0,350.0,£,food,UK,ended,2
1,https://www.kicktraq.com/projects/drenproductionsgames/holiday-adventures/,01.11.2023,08.11.2023,8,231,3447.0,100.0,$,games,MD,ended,3
1,https://www.kicktraq.com/projects/remnantsofthefae/fungus-isle/,23.09.2023,07.11.2023,46,236,712.0,100.0,$,games,UT,ended,5
1,https://www.kicktraq.com/projects/tdstudio/trinfinity-oracle-60-card-deck-0/,17.10.2023,08.11.2023,22,32,1414.0,500.0,$,games,CA,ended,1
1,https://www.kicktraq.com/projects/ninabolenart/gemstone-and-dragons-oracle-deck/,03.10.2023,08.11.2023,37,156,13050.0,13000.0,$,art,TX,ended,22
1,https://www.kicktraq.com/projects/shikafy/monster-hunter-enamel-pins/,17.10.2023,07.11.2023,22,34,2460.0,800.0,$,art,Canada,ended,5
1,https://www.kicktraq.com/projects/carpinteriacreativa/creaciones-de-madera-unicas/,06.11.2023,07.11.2023,1,2,1019.0,1000.0,MX$,crafts,Mexico,ended,0
1,https://www.kicktraq.com/projects/newart-films/le-fil-conducteur-porsche-the-common-thread/,08.10.2023,07.11.2023,31,27,5511.0,5400.0,$,film & video,Canada,ended,0
1,https://www.kicktraq.com/projects/happyslaying/punish-the-lightning-paced-dueling-game/,17.10.2023,07.11.2023,22,87,5646.0,5000.0,$,games,MI,ended,2
1,https://www.kicktraq.com/projects/tantra/on-the-brink-at-key-west-theatre/,10.10.2023,09.11.2023,31,21,4783.0,2000.0,$,music,FL,ended,0
1,https://www.kicktraq.com/projects/pixelpowerstcg/pixel-powers-tcg/,10.10.2023,07.11.2023,29,21,2144.0,2000.0,$,games,Canada,ended,5
1,https://www.kicktraq.com/projects/daddyandteddy/adventures-of-daddy-and-teddy-helping-your-children-thrive/,05.10.2023,07.11.2023,34,77,5196.0,5000.0,$,publishing,NY,ended,2
1,https://www.kicktraq.com/projects/protector2/shook-songs-of-the-dark-sirens/,10.10.2023,09.11.2023,31,138,20461.0,20000.0,$,comics,FL,ended,4
1,https://www.kicktraq.com/projects/ingridkvhardy/ufo-legend-and-lore-promo-card/,09.10.2023,08.11.2023,31,61,228.0,65.0,$,art,Canada,ended,2
1,https://www.kicktraq.com/projects/divinelightjess/fantastic-fluid-art-aura-paintings/,04.10.2023,08.11.2023,36,4,261.0,250.0,£,art,UK,ended,0
1,https://www.kicktraq.com/projects/killinghersoftly/horror-pins/,09.10.2023,08.11.2023,31,21,580.0,400.0,$,art,VA,cancelled,0
1,https://www.kicktraq.com/projects/mswordsmith/52weeksofwriting/,25.10.2023,08.11.2023,15,34,2375.0,500.0,€,publishing,Netherlands,ended,3
1,https://www.kicktraq.com/projects/stockshockgame/stock-shock-the-investment-strategy-board-game/,09.10.2023,09.11.2023,31,136,11328.0,10000.0,$,games,Canada,ended,3
1,https://www.kicktraq.com/projects/mattcolby/tigers-arent-monkeys/,10.10.2023,08.11.2023,30,112,8920.0,8000.0,$,publishing,Canada,ended,6
1,https://www.kicktraq.com/projects/diehardminiatures/the-battle-for-black-mere-eru-kin-faction/,25.10.2023,08.11.2023,15,129,9100.0,3000.0,£,games,UK,ended,13
1,https://www.kicktraq.com/projects/tucoelbuitre/mademoiselle-de-sade-1-wigs-squeezing-corsets-and-blood/,31.10.2023,08.11.2023,9,89,2237.0,750.0,€,comics,Italy,ended,3
1,https://www.kicktraq.com/projects/ckh/the-essentialism-tarot-simplicity-spirituality/,09.10.2023,08.11.2023,31,28,1275.0,500.0,$,games,TX,ended,3
1,https://www.kicktraq.com/projects/dicreators/extraterrestrial-playing-cards-comeback/,08.10.2023,07.11.2023,31,87,37470.0,20000.0,HK$,games,Hong Kong,cancelled,3
1,https://www.kicktraq.com/projects/nikkijefford/spellcaster-season-13-ya-paranormal-romance-deluxe-edition/,19.10.2023,08.11.2023,21,89,6216.0,3500.0,$,publishing,NC,ended,3
1,https://www.kicktraq.com/projects/animalshortfilm/animal-short-film-0/,29.09.2023,08.11.2023,41,36,4158.0,4000.0,$,film & video,UT,ended,0
1,https://www.kicktraq.com/projects/1939241694/jumbo-polyhedral-dice-dnd-rpg-7-piece-set-by-other-worldly/,24.10.2023,08.11.2023,16,126,11656.0,1000.0,$,games,NJ,ended,2
1,https://www.kicktraq.com/projects/hopeanthems/joshuas-giants-new-album-hidden-in-hope/,09.10.2023,08.11.2023,31,94,10110.0,8000.0,$,music,GA,ended,5
1,https://www.kicktraq.com/projects/amcmstudios/cassandra-spellweaver-presupported-stl-for-3d-printing/,30.10.2023,08.11.2023,10,198,1992.0,80.0,$,games,NM,ended,2
1,https://www.kicktraq.com/projects/curlyfries/love-at-first-fright/,09.10.2023,09.11.2023,31,207,9581.0,2780.0,$,art,Canada,ended,2
1,https://www.kicktraq.com/projects/krousley/star-wheel-volume-2-an-all-ages-fantasy-adventure/,09.10.2023,08.11.2023,31,42,1163.0,800.0,$,comics,IN,ended,3
1,https://www.kicktraq.com/projects/tangiblenarrative/the-great-tea-robbery/,09.10.2023,08.11.2023,31,506,714074.0,62655.0,HK$,games,China,ended,3
1,https://www.kicktraq.com/projects/iridiumgames/demonic-ritual-i/,12.10.2023,08.11.2023,28,350,5425.0,500.0,€,games,Greece,ended,0
1,https://www.kicktraq.com/projects/karentomlinsonauthor/veil-of-souls-deluxe-hardbacks/,17.10.2023,08.11.2023,22,121,5338.0,600.0,£,publishing,UK,ended,9
1,https://www.kicktraq.com/projects/dedalus/dedalus-0/,18.10.2023,08.11.2023,22,5,105.0,100.0,€,publishing,Ireland,ended,3
1,https://www.kicktraq.com/projects/rocketpiggames/monster-anatomy/,11.10.2023,08.11.2023,29,37,1924.0,100.0,$,games,VT,ended,9
1,https://www.kicktraq.com/projects/640604978/the-adventures-of-giggle-squid-picture-book/,09.10.2023,08.11.2023,31,7,1778.0,1200.0,£,publishing,UK,ended,0
1,https://www.kicktraq.com/projects/1721488044/imum-press/,26.09.2023,08.11.2023,43,8,800.0,800.0,$,publishing,NY,ended,0
1,https://www.kicktraq.com/projects/solarpunkmagazine/solarpunk-magazine-2024/,10.10.2023,09.11.2023,31,172,9225.0,4000.0,$,publishing,OR,ended,3
1,https://www.kicktraq.com/projects/sarah-giblin/digital-death-prep-in-30mins-with-whenn/,11.10.2023,08.11.2023,29,284,8467.0,4500.0,£,technology,UK,ended,4
1,https://www.kicktraq.com/projects/grimskald/torch-and-shield/,10.10.2023,09.11.2023,31,439,57038.0,7850.0,$,games,AU,ended,7
1,https://www.kicktraq.com/projects/draftedshortfilm/the-beach-photographer/,12.10.2023,09.11.2023,29,40,16129.0,15000.0,$,film & video,Viet Nam,ended,0
1,https://www.kicktraq.com/projects/torcpress/spitballz-issue-1/,10.10.2023,09.11.2023,31,46,611.0,200.0,$,comics,IL,ended,1
1,https://www.kicktraq.com/projects/tartcomic/tart-vol-1-3-prestige-hardcover-set/,17.10.2023,09.11.2023,24,297,18838.0,15000.0,$,comics,FL,ended,7
1,https://www.kicktraq.com/projects/nyobi/nyobi-penguina-1-of-2-crossover-event/,12.10.2023,08.11.2023,28,317,13082.0,5000.0,$,comics,Canada,ended,5
1,https://www.kicktraq.com/projects/sleepinggiantgaming/hamels-house-of-oddities/,10.10.2023,09.11.2023,31,116,21927.0,10000.0,$,games,WI,ended,3
1,https://www.kicktraq.com/projects/lionbanner/hellwatch-rpg-infernal-oath/,10.10.2023,09.11.2023,31,514,36177.0,8000.0,€,games,Spain,ended,3
1,https://www.kicktraq.com/projects/sirk/big-tiddie-goth-girlfriends-on-the-moon-comic-1-redux/,09.10.2023,08.11.2023,31,286,11075.0,3000.0,$,comics,NC,ended,1
1,https://www.kicktraq.com/projects/piquegames/burn-the-witch-0/,10.10.2023,09.11.2023,31,777,54742.0,8000.0,$,games,CA,ended,22
1,https://www.kicktraq.com/projects/cappuccineko/honkai-star-rail-deluxe-enamel-pins/,10.10.2023,09.11.2023,31,123,10806.0,1000.0,$,art,Malaysia,ended,12
1,https://www.kicktraq.com/projects/darkart/the-lost-legion/,25.10.2023,09.11.2023,16,35,3430.0,1250.0,£,games,UK,ended,17
1,https://www.kicktraq.com/projects/863660422/gubat-banwa/,10.10.2023,09.11.2023,31,1172,86309.0,40000.0,$,games,Philippines,ended,4
1,https://www.kicktraq.com/projects/gamerscents/gamers-and-candles-and-self-care-oh-my/,10.10.2023,09.11.2023,31,15,4031.0,4000.0,$,crafts,FL,ended,0
1,https://www.kicktraq.com/projects/nicholasbrady347634/ep-by-brandon-hightower/,08.11.2023,09.11.2023,1,63,2092.0,1000.0,$,music,MI,ended,0
1,https://www.kicktraq.com/projects/slugfestgames/the-red-dragon-inn-allies-melvyn-vs-marah/,19.10.2023,09.11.2023,22,3085,108334.0,10000.0,$,games,CA,ended,11
1,https://www.kicktraq.com/projects/shinraifaithcreates/stained-glass-weapons-hard-enamel-pins/,10.10.2023,09.11.2023,31,339,14952.0,400.0,$,art,WA,ended,3
1,https://www.kicktraq.com/projects/ashens/turn-back-a-folk-horror-film-told-in-reverse/,10.10.2023,09.11.2023,31,4366,378256.0,100000.0,£,film & video,UK,ended,5
1,https://www.kicktraq.com/projects/industriecreative/idea-0/,19.10.2023,09.11.2023,22,141,17411.0,15000.0,€,games,Italy,cancelled,2
1,https://www.kicktraq.com/projects/doreenmulder/round-lovebird-plushies-your-very-own-round-birb/,09.10.2023,09.11.2023,32,304,22507.0,2500.0,€,games,Netherlands,ended,11
1,https://www.kicktraq.com/projects/richmondarchitectura/richmond-architectura/,18.10.2023,08.11.2023,22,71,5581.0,4500.0,$,photography,VA,ended,4
1,https://www.kicktraq.com/projects/blaes-paa-boelgen/bls-pa-blgen/,10.10.2023,09.11.2023,31,27,18740.0,15000.0,kr,music,Denmark,ended,0
1,https://www.kicktraq.com/projects/apexpublications/the-map-of-lost-places-a-horror-anthology/,10.10.2023,09.11.2023,31,575,20329.0,15000.0,$,comics,KY,ended,11
1,https://www.kicktraq.com/projects/jodiesnow/the-mystic-glade-fantasy-art-and-tutorial-book/,10.10.2023,09.11.2023,31,316,24487.0,10000.0,£,publishing,UK,ended,3
1,https://www.kicktraq.com/projects/sugaar/wild-pong/,10.10.2023,09.11.2023,31,61,2386.0,1000.0,€,games,Spain,ended,1
1,https://www.kicktraq.com/projects/doom-army/magic-land-series-busts/,25.10.2023,09.11.2023,16,514,16039.0,1000.0,€,games,Spain,ended,1
1,https://www.kicktraq.com/projects/funmiladeokediji5684/north-true/,08.11.2023,09.11.2023,1,267,1906.0,1000.0,$,music,OK,ended,0
1,https://www.kicktraq.com/projects/lesserknowncomics/deuces-r-wild/,10.10.2023,09.11.2023,31,46,1129.0,1000.0,$,comics,NY,ended,0
1,https://www.kicktraq.com/projects/elsielavinia/fantasy-notebook-for-writers-and-journalers/,10.09.2023,09.11.2023,61,12,281.0,250.0,£,crafts,UK,ended,2
1,https://www.kicktraq.com/projects/bywal/bywal-design-future-wallet/,25.09.2023,09.11.2023,46,159,8453.0,2500.0,$,design,DE,ended,0
1,https://www.kicktraq.com/projects/folkparksminnen60-99/folkparksminnen/,10.09.2023,09.11.2023,61,87,34099.0,30000.0,kr,publishing,Sweden,ended,5
1,https://www.kicktraq.com/projects/sevun/sevunscope-le-telescope-du-futur/,03.10.2023,09.11.2023,38,99,31324.0,30000.0,€,technology,France,ended,13
1,https://www.kicktraq.com/projects/1270945344/gilley-the-instantly-dry-umbrella/,10.10.2023,09.11.2023,31,1123,74550.0,6500.0,£,design,UK,ended,3
1,https://www.kicktraq.com/projects/nitecore/wm5000/,09.10.2023,09.11.2023,32,214,118741.0,20000.0,HK$,design,CA,ended,2
1,https://www.kicktraq.com/projects/peterchayward/coupon-clipper-one-sheet-print-and-cut-set-collection-game/,10.10.2023,09.11.2023,31,141,1685.0,100.0,$,games,NY,cancelled,2
1,https://www.kicktraq.com/projects/baddecisions/the-big-book-of-bad-decisions/,10.10.2023,09.11.2023,31,318,30736.0,22000.0,$,film & video,CA,ended,9
1,https://www.kicktraq.com/projects/dungeonsandnaggins/dungeons-and-naggins/,10.10.2023,09.11.2023,31,587,24051.0,3000.0,€,games,Ireland,ended,9
1,https://www.kicktraq.com/projects/jamesmayer54753/elliot-mcconnells-original-concept-recording/,08.11.2023,09.11.2023,1,137,3885.0,1000.0,$,music,MI,ended,0
1,https://www.kicktraq.com/projects/grapeocean/black-geyser-dlc-tales-of-the-moon-cult/,17.10.2023,09.11.2023,24,1124,31561.0,20000.0,€,games,Austria,ended,10
1,https://www.kicktraq.com/projects/centuryguild/beautiful-macabre-book-egypt-moth-shirt-rare-art-nouveau/,24.10.2023,09.11.2023,17,1200,124936.0,1896.0,$,publishing,IL,ended,3
1,https://www.kicktraq.com/projects/carlywinter/12days/,26.10.2023,09.11.2023,15,99,7040.0,500.0,$,publishing,AZ,ended,10
1,https://www.kicktraq.com/projects/davenavarro/mindhell-a-cooperative-mystery-game-for-2-players/,10.10.2023,09.11.2023,31,102,3027.0,2800.0,€,games,Spain,ended,6
1,https://www.kicktraq.com/projects/611565840/ultimea-thor-t60-triple-laser-tv-born-brightbeyond-daylight/,26.09.2023,10.11.2023,46,50,271548.0,67157.0,$,technology,Canada,ended,6
1,https://www.kicktraq.com/projects/unique-dice/the-dice-you-play-like-the-roulette-special-for-christmas/,11.10.2023,10.11.2023,31,246,24518.0,3000.0,$,games,CA,ended,2
1,https://www.kicktraq.com/projects/theabcsofgrief/the-abcs-of-grief/,11.10.2023,10.11.2023,31,241,17376.0,7000.0,$,publishing,MD,ended,1
1,https://www.kicktraq.com/projects/angelarwatts/the-legacy-books-a-middle-grade-fantasy-trilogy/,20.10.2023,10.11.2023,22,23,1291.0,500.0,$,publishing,TN,ended,4
1,https://www.kicktraq.com/projects/nimblerpg/nimble-streamlining-your-5e-game/,11.10.2023,10.11.2023,31,1762,17815.0,1000.0,$,games,FL,ended,7
1,https://www.kicktraq.com/projects/theexplorersmap/yellowstone-national-park-winter-village/,11.10.2023,10.11.2023,31,49,5289.0,1000.0,$,design,IL,ended,1
1,https://www.kicktraq.com/projects/oceanbottle/ocean-bottle-the-3-in-1-bottle-that-saves-the-ocean/,11.10.2023,10.11.2023,31,1212,93283.0,10000.0,£,design,UK,ended,5
1,https://www.kicktraq.com/projects/vividalamode/monster-boy-enamel-pins-vol-2/,27.10.2023,10.11.2023,15,42,1857.0,250.0,$,art,NY,ended,3
1,https://www.kicktraq.com/projects/aiowear/urban-ai-jacket/,01.10.2023,10.11.2023,41,41,7694.0,5000.0,$,design,NY,cancelled,2
1,https://www.kicktraq.com/projects/playforkeeps/the-string-railway-collection-and-my-favourite-things/,26.10.2023,09.11.2023,15,2110,77423.0,10000.0,£,games,UK,ended,7
1,https://www.kicktraq.com/projects/richardbanks1/carbon-fiber-money-clip-safepocket-credit-card-holder/,13.10.2023,10.11.2023,29,76,1719.0,1000.0,$,design,CA,ended,1
1,https://www.kicktraq.com/projects/tbhcomics/grim-scary-tales/,27.10.2023,10.11.2023,14,63,1074.0,666.0,£,comics,UK,ended,5
1,https://www.kicktraq.com/projects/thewildwolftarot/the-wild-wolf-tarot-second-edition/,10.10.2023,09.11.2023,31,98,6635.0,5519.0,$,games,CO,ended,5
1,https://www.kicktraq.com/projects/axlesinfernal/launch-axles-infernal-1-the-damnation-delivery-service/,10.10.2023,09.11.2023,30,149,7377.0,6500.0,$,comics,CT,ended,12
1,https://www.kicktraq.com/projects/undiscoveredgems/fantasy-colouring-book-pocket-edition/,17.10.2023,10.11.2023,24,42,794.0,100.0,£,games,UK,ended,1
1,https://www.kicktraq.com/projects/playingwithperlers/build-a-forest-friend/,10.10.2023,09.11.2023,31,93,6862.0,1000.0,$,art,Canada,ended,3
1,https://www.kicktraq.com/projects/gbpatch/our-life-now-and-forever-the-visual-novel/,10.10.2023,09.11.2023,31,5676,295750.0,70000.0,$,games,CO,ended,10
1,https://www.kicktraq.com/projects/erenchronicles/exordium-origins-of-mythos/,10.10.2023,09.11.2023,31,1114,55473.0,10000.0,€,games,Greece,ended,10
1,https://www.kicktraq.com/projects/deerabou/divine-cervine/,20.10.2023,09.11.2023,20,43,1448.0,1400.0,$,art,Canada,ended,2
1,https://www.kicktraq.com/projects/redbardgames/dwarf-reinforcements/,24.10.2023,09.11.2023,17,88,6012.0,500.0,€,games,Spain,ended,13
1,https://www.kicktraq.com/projects/anachronism/anachronism/,10.10.2023,09.11.2023,30,59,21000.0,20000.0,$,film & video,CA,ended,5
1,https://www.kicktraq.com/projects/deepdarkdesigns/outclassed-5th-edition-classes-revisited-wave-1/,10.10.2023,09.11.2023,31,159,4701.0,600.0,£,games,UK,ended,12
1,https://www.kicktraq.com/projects/557168934/dungeons-and-zombies-the-undead-outbreak/,19.10.2023,09.11.2023,22,616,2116.0,100.0,€,games,Greece,ended,6
1,https://www.kicktraq.com/projects/moonlightmaps/plain-terrain-battle-maps-and-assets/,10.10.2023,09.11.2023,31,703,111531.0,10000.0,£,games,UK,ended,10
1,https://www.kicktraq.com/projects/2144376545/christmas-crisis-a-new-game-for-the-nes/,10.10.2023,09.11.2023,31,165,12062.0,1500.0,€,games,Germany,ended,2
1,https://www.kicktraq.com/projects/tidbyt/gen2/,10.10.2023,09.11.2023,31,5334,962915.0,40000.0,$,technology,NY,ended,6
1,https://www.kicktraq.com/projects/montoirwatches/montoir-swiss-made-automatic-timeless-and-sleek-dive-watches/,11.10.2023,10.11.2023,31,227,91462.0,10000.0,$,design,IL,ended,5
1,https://www.kicktraq.com/projects/vaspider/historically-queer-lgbtqia-historical-figure-enamel-pins/,10.10.2023,09.11.2023,31,169,4364.0,1800.0,$,fashion,OR,ended,14
1,https://www.kicktraq.com/projects/rskellogg/when-the-sea-kisses-land-tales-of-siren-song-mermaids/,25.10.2023,09.11.2023,16,13,394.0,300.0,$,publishing,CA,ended,3
1,https://www.kicktraq.com/projects/sexyfantasticcomics/space-happy-5-dark-jonesy/,10.10.2023,09.11.2023,31,272,10218.0,2000.0,$,comics,CA,ended,9
1,https://www.kicktraq.com/projects/simonbirks/monuments-a-branching-narrative-three-adventures-in-one/,24.10.2023,09.11.2023,17,340,6529.0,1000.0,£,games,UK,ended,1
1,https://www.kicktraq.com/projects/chakullc/lito-edc-pocket-knife-g10-handle-light-weight-and-foldable/,10.10.2023,09.11.2023,31,75,5897.0,1000.0,$,design,WY,ended,1
1,https://www.kicktraq.com/projects/drinkingquest/le-neckbeard-quest-for-love/,10.10.2023,09.11.2023,31,181,8231.0,6000.0,$,games,Canada,ended,2
1,https://www.kicktraq.com/projects/thathuskytheo/my-best-friend-furever/,10.09.2023,09.11.2023,61,156,4718.0,1250.0,$,publishing,CA,ended,3
1,https://www.kicktraq.com/projects/legendsvoid/fall-of-lumen/,17.10.2023,09.11.2023,24,799,47343.0,19200.0,€,games,Italy,ended,11
1,https://www.kicktraq.com/projects/curioplayingcards/war-of-realms-playing-cards/,16.10.2023,09.11.2023,25,207,17236.0,12000.0,$,games,WA,ended,5
1,https://www.kicktraq.com/projects/grizgrobus/miramar-a-graphic-novella/,10.10.2023,09.11.2023,31,569,28310.0,7500.0,$,comics,Canada,ended,6
1,https://www.kicktraq.com/projects/hollowharbor/nowhere-usa-a-gritty-wartime-graphic-novel/,10.10.2023,09.11.2023,31,111,7734.0,7500.0,$,comics,MO,ended,5
1,https://www.kicktraq.com/projects/rocketship/lets-play-volume-4/,10.10.2023,09.11.2023,31,3326,254892.0,10000.0,$,comics,PA,ended,6
1,https://www.kicktraq.com/projects/notacult/occult-strategies/,10.10.2023,09.11.2023,31,636,33170.0,5000.0,$,games,CA,ended,10
1,https://www.kicktraq.com/projects/humism/humism-unique-automatic-watches-turning-time-into-art/,10.10.2023,09.11.2023,31,487,260308.0,15000.0,$,design,Singapore,ended,0
1,https://www.kicktraq.com/projects/kitchensink/changing-the-standard-of-care-one-reader-at-a-time/,25.09.2023,09.11.2023,46,134,20800.0,20000.0,$,publishing,CA,ended,1
1,https://www.kicktraq.com/projects/trashmaxart/the-eye-of-the-oracle-the-lost-shaman/,11.10.2023,10.11.2023,30,218,2465.0,100.0,€,games,Italy,ended,7
1,https://www.kicktraq.com/projects/noearts/bags-and-wallets-genshin-impact/,10.10.2023,09.11.2023,31,542,55251.0,7000.0,€,fashion,Spain,ended,6
1,https://www.kicktraq.com/projects/martownowski/james-and-lucas-llc/,11.10.2023,10.11.2023,31,14,526.0,500.0,$,crafts,GA,ended,3
1,https://www.kicktraq.com/projects/aortafilms/haunted-a-short-film-by-aorta-films-x-carmen-maria-machado/,10.10.2023,09.11.2023,31,333,24114.0,20000.0,$,film & video,NY,ended,14
1,https://www.kicktraq.com/projects/jordandene/jordandene-x-the-sartorial-geek-editors-box/,10.10.2023,09.11.2023,31,200,14156.0,6000.0,$,fashion,PA,ended,0
1,https://www.kicktraq.com/projects/naerwear/stund-the-watch-that-makes-you-feel-time/,10.10.2023,10.11.2023,31,530,92083.0,10128.0,€,design,Denmark,ended,3
1,https://www.kicktraq.com/projects/mysticdragongames/soltera-convergence-of-dragons-playing-cards/,10.10.2023,10.11.2023,31,883,68248.0,4000.0,$,games,CO,ended,11
1,https://www.kicktraq.com/projects/beehivebooks/burns/,24.10.2023,09.11.2023,17,59,18980.0,3000.0,$,art,PA,ended,0
1,https://www.kicktraq.com/projects/fleskpublications/barren-lands-by-brynn-metheney/,10.10.2023,09.11.2023,31,236,19844.0,5000.0,$,publishing,CA,ended,2
1,https://www.kicktraq.com/projects/cityowlpress/crown-collection-fantasy-romance-limited-special-editions/,09.10.2023,09.11.2023,32,196,30653.0,4500.0,$,publishing,NY,ended,5
1,https://www.kicktraq.com/projects/blinkshortstory1/atlantis-the-omnibus-deluxe-edition/,19.10.2023,09.11.2023,22,122,8088.0,8000.0,$,publishing,WA,ended,6
1,https://www.kicktraq.com/projects/in2it/in2it-astro-persona-oracle-deck-personality-oracle-cards/,24.10.2023,10.11.2023,17,216,19668.0,7000.0,$,games,ID,ended,1
1,https://www.kicktraq.com/projects/moonlightmuse/the-rossi-legacies-deluxe-collectors-editions/,10.10.2023,09.11.2023,31,98,11864.0,9500.0,£,publishing,UK,ended,4
1,https://www.kicktraq.com/projects/wolfandsalmon/saturation-70-a-deluxe-art-book-about-a-lost-sci-fi-film/,26.09.2023,10.11.2023,46,186,13638.0,10000.0,$,publishing,CA,ended,4
1,https://www.kicktraq.com/projects/friendlyatheist/everything-wrong-with-revelation-in-the-bible/,11.10.2023,10.11.2023,31,88,4678.0,4000.0,$,film & video,IL,ended,0
1,https://www.kicktraq.com/projects/chazanow/rugged-swiss-automatic-watch-built-for-any-adventure/,26.10.2023,10.11.2023,16,549,353297.0,45000.0,$,design,FL,ended,0
1,https://www.kicktraq.com/projects/1978275404/house06-printable-stl-files/,11.10.2023,10.11.2023,31,43,612.0,100.0,€,games,Romania,ended,0
1,https://www.kicktraq.com/projects/aarronalcorn34643/kris-roches-debut-full-length-album-be-love/,09.11.2023,10.11.2023,1,126,3375.0,2000.0,$,music,MI,ended,0
1,https://www.kicktraq.com/projects/aspen-project/diy-plasma-display-kits/,11.10.2023,10.11.2023,31,10,2311.0,1500.0,$,technology,IL,ended,1
1,https://www.kicktraq.com/projects/bretjuliano/the-dust-bunnies-holiday-hits-a-mafia-christmas-album/,03.11.2023,10.11.2023,8,32,538.0,200.0,$,music,IL,ended,3
1,https://www.kicktraq.com/projects/spencerdeer573/earnings-margin-the-record/,09.11.2023,10.11.2023,1,204,2699.0,2000.0,$,music,MI,ended,0
1,https://www.kicktraq.com/projects/lunartik/boneyard-skateboarding-game/,11.10.2023,10.11.2023,31,65,1717.0,1500.0,£,games,UK,ended,4
1,https://www.kicktraq.com/projects/josephduis/superheresies-showcase-1974-golden-age-girls-get-powerful/,24.10.2023,09.11.2023,17,86,2286.0,1874.0,$,comics,CO,ended,6
1,https://www.kicktraq.com/projects/pektr/pektr-plume-a-pen-for-wallets/,11.10.2023,10.11.2023,31,29,1129.0,1000.0,$,design,DC,ended,0
1,https://www.kicktraq.com/projects/xgo/xgo-retro-gaming-console-with-magnetic-wireless-charging/,11.10.2023,10.11.2023,31,262,180835.0,10000.0,HK$,games,Hong Kong,ended,2
1,https://www.kicktraq.com/projects/tinaglasneck/the-haunting-of-devils-hollow/,19.10.2023,10.11.2023,23,278,2808.0,500.0,$,games,DC,ended,5
1,https://www.kicktraq.com/projects/longgreenbean/long-green-bean-dating-visual-novel/,11.10.2023,10.11.2023,30,17,202.0,100.0,$,games,Canada,ended,1
1,https://www.kicktraq.com/projects/sttorch/honeycomb-2100-lumens-edc-flashlight-with-modular-design/,11.10.2023,10.11.2023,31,228,23424.0,10000.0,$,design,WY,ended,0
1,https://www.kicktraq.com/projects/dionysis/god-summoner-the-complete-graphic-novel/,10.10.2023,10.11.2023,32,192,13859.0,3000.0,$,comics,Canada,ended,5
1,https://www.kicktraq.com/projects/prtb1/issue-1/,11.10.2023,10.11.2023,31,281,10005.0,2500.0,$,comics,NY,ended,8
1,https://www.kicktraq.com/projects/marusou/beautifully-traditional-geta-sandals/,26.09.2023,10.11.2023,46,38,394248.0,200000.0,¥,design,Japan,ended,2
1,https://www.kicktraq.com/projects/polywizard/enchanted-quest-unlocking-the-magic-of-harry-potter/,31.10.2023,10.11.2023,11,65,1491.0,200.0,€,games,Greece,ended,1
1,https://www.kicktraq.com/projects/ingridkvhardy/fables-by-bill-willingham-a-collectible-card-series/,15.09.2023,10.11.2023,57,25,98.0,80.0,$,art,Canada,cancelled,0
1,https://www.kicktraq.com/projects/huroyama/huroyama-hair-catcher-three-sizes-to-cover-all-drains/,19.09.2023,10.11.2023,52,1170,35619.0,2000.0,$,design,Taiwan,ended,3
1,https://www.kicktraq.com/projects/body-heal-test/your-digital-health-assistant/,12.10.2023,10.11.2023,30,8,1693.0,1500.0,$,design,CA,cancelled,1
1,https://www.kicktraq.com/projects/1805256969/mermaids-rest-stl-files/,11.10.2023,10.11.2023,31,126,3050.0,100.0,$,games,Canada,cancelled,1
1,https://www.kicktraq.com/projects/preystudio/retro-toon-collectibles/,11.10.2023,10.11.2023,31,77,2697.0,500.0,$,art,Turkey,ended,1
1,https://www.kicktraq.com/projects/942972538/publishing-not-just-an-idea/,20.10.2023,10.11.2023,22,46,2230.0,2100.0,$,publishing,CA,ended,1
1,https://www.kicktraq.com/projects/jordydraws/lovable-lizards-enamel-pins/,13.10.2023,10.11.2023,29,68,2875.0,300.0,$,art,CA,ended,4
1,https://www.kicktraq.com/projects/junimadii/hysteria-0/,11.09.2023,10.11.2023,61,27,659.0,200.0,$,art,NY,ended,0
1,https://www.kicktraq.com/projects/vault-comics/slash-presents-deathstalker/,10.10.2023,10.11.2023,32,645,51177.0,25000.0,$,comics,MT,ended,11
1,https://www.kicktraq.com/projects/supermechanical/pickup-is-a-sensor-power-tool/,11.10.2023,10.11.2023,31,636,124458.0,10000.0,$,technology,TX,ended,1
1,https://www.kicktraq.com/projects/justinwilder/wilder-than-the-west-music-project/,15.10.2023,10.11.2023,27,107,19422.0,15000.0,$,music,CO,ended,4
1,https://www.kicktraq.com/projects/novaandmali/and-they-were-monsters-an-art-book-for-monster-lovers/,13.10.2023,10.11.2023,29,1375,71568.0,50000.0,$,publishing,MI,ended,3
1,https://www.kicktraq.com/projects/dc-works/thanksgiving-fantasy-turkey-planters-stl-files/,05.11.2023,10.11.2023,5,21,913.0,100.0,$,games,IL,ended,0
1,https://www.kicktraq.com/projects/coreyriggs/all-the-danger/,13.10.2023,10.11.2023,29,26,1426.0,713.0,$,comics,PA,ended,4
1,https://www.kicktraq.com/projects/shourimajo/bubble-kittea-plushie/,11.10.2023,10.11.2023,31,54,5000.0,4000.0,$,games,MD,ended,4
1,https://www.kicktraq.com/projects/moonshine-miniatures/dwarven-dice-tower-pay-what-you-want/,24.10.2023,10.11.2023,18,187,937.0,100.0,€,games,Spain,ended,1
1,https://www.kicktraq.com/projects/2117310550/ancient-greek-roman-ruins/,02.11.2023,10.11.2023,9,44,129.0,50.0,€,games,Greece,ended,1
1,https://www.kicktraq.com/projects/nestingdollfilm/nesting-doll-short-film/,11.09.2023,10.11.2023,61,16,1031.0,1000.0,$,film & video,CA,ended,0
1,https://www.kicktraq.com/projects/questbook/triptych-quest-book/,02.11.2023,10.11.2023,9,9,141.0,100.0,$,games,Germany,ended,1
1,https://www.kicktraq.com/projects/1093862569/halloweenosaurs-enamel-pins/,11.10.2023,10.11.2023,31,103,2824.0,500.0,$,art,NC,ended,6
1,https://www.kicktraq.com/projects/nathan-w-pyle/the-strange-universe-of-nathan-w-pyle/,17.10.2023,10.11.2023,25,4598,292342.0,36800.0,$,comics,CA,ended,8
1,https://www.kicktraq.com/projects/554870232/dangerous-dames/,21.10.2023,10.11.2023,21,44,1107.0,500.0,£,comics,UK,ended,1
1,https://www.kicktraq.com/projects/197058706/broken-pieces-feature-film/,11.10.2023,10.11.2023,31,35,3022.0,3000.0,$,film & video,NY,ended,4
1,https://www.kicktraq.com/projects/authoramyknupp/the-henry-brothers-4-small-town-romance-special-editions/,24.10.2023,11.11.2023,18,30,2567.0,500.0,$,publishing,WI,ended,5
1,https://www.kicktraq.com/projects/calikrazy/calikrazy-vol-2-deceitful-riches/,27.09.2023,11.11.2023,46,4,1136.0,1000.0,$,comics,CA,ended,2
1,https://www.kicktraq.com/projects/darbypoppublishing/side-kicked-tp-vols-1-and-2-plus-issue-1-limited-edition/,17.10.2023,10.11.2023,25,83,2921.0,2500.0,$,comics,ME,ended,2
1,https://www.kicktraq.com/projects/invader/frankenbabe-collected-1st-trade/,30.10.2023,11.11.2023,12,30,767.0,666.0,$,comics,CA,ended,0
1,https://www.kicktraq.com/projects/jetpack7/legendary-undead-a-5th-edition-supplement/,10.10.2023,10.11.2023,32,1352,43463.0,2000.0,$,games,OH,ended,9
1,https://www.kicktraq.com/projects/quiltedpress/quilted-press-launching-a-publishing-collective/,10.10.2023,10.11.2023,32,259,21088.0,20000.0,$,publishing,NY,ended,0
1,https://www.kicktraq.com/projects/dallacroce/hexchess-legends-knights-vs-ogres/,11.10.2023,10.11.2023,31,135,6752.0,1000.0,$,games,FL,ended,4
1,https://www.kicktraq.com/projects/oasisgo/from-backpack-to-paradise-the-oasisgo-air-lounger/,10.10.2023,10.11.2023,32,79,22319.0,10000.0,€,design,Switzerland,cancelled,5
1,https://www.kicktraq.com/projects/kseay/the-beer-tarot/,11.09.2023,10.11.2023,61,155,11232.0,10000.0,$,games,IA,ended,7
1,https://www.kicktraq.com/projects/patshand/smoke-weed-see-the-future-420-one-shot/,23.10.2023,10.11.2023,19,524,17683.0,4200.0,$,comics,NY,ended,4
1,https://www.kicktraq.com/projects/creaturecuration/the-molt-for-mork-borg-evil-lies-at-the-planets-core/,24.10.2023,10.11.2023,18,216,10224.0,5000.0,$,games,GA,ended,2
1,https://www.kicktraq.com/projects/tropethesaurusromanc/trope-thesaurus-fantasy-and-science-fiction/,21.09.2023,10.11.2023,51,495,15056.0,500.0,$,publishing,WA,ended,8
1,https://www.kicktraq.com/projects/claystreetunit/help-clay-street-unit-fund-their-debut-album-and-tour-van/,11.09.2023,10.11.2023,61,254,42100.0,40000.0,$,music,CO,ended,2
1,https://www.kicktraq.com/projects/digitalsun/cataclismo-rts-with-stone-by-stone-construction/,10.10.2023,10.11.2023,32,1446,68645.0,50000.0,€,games,Spain,ended,16
1,https://www.kicktraq.com/projects/687027744/negocios-infernales/,10.10.2023,10.11.2023,32,343,20147.0,10000.0,$,games,MO,ended,7
1,https://www.kicktraq.com/projects/volume8/devils-misfits-1/,13.10.2023,10.11.2023,29,889,91268.0,5000.0,$,comics,MO,ended,10
1,https://www.kicktraq.com/projects/calliopegamenight/patrician-towers-of-influence/,12.10.2023,10.11.2023,30,292,10491.0,8500.0,$,games,NC,ended,6
1,https://www.kicktraq.com/projects/ThisisJuan/fwacata-original-comics-by-juan-navarro-issue-1/,10.10.2023,10.11.2023,32,50,2021.0,2000.0,$,comics,TX,ended,14
