success,url,start_date,end_date,duration,backers,funded,goal,currency,category,country/state,status,updates
1,https://www.kicktraq.com/projects/kennylogginsmovie/conviction-of-the-heart/,06.10.2023,06.11.2023,32,344,114712.0,100000.0,$,film & video,CA,ended,8
1,https://www.kicktraq.com/projects/tyrproductions/not-a-hero-0/,21.09.2023,07.11.2023,47,27,4950.0,4500.0,$,games,UT,ended,7
1,https://www.kicktraq.com/projects/jerrylawler/jerry-the-king-lawlers-1971-the-patriot-comic-colorized/,08.09.2023,07.11.2023,61,30,1491.0,1200.0,$,comics,TN,ended,1
1,https://www.kicktraq.com/projects/dicethrone/dice-throne-x-men-marvel-co-op-missions/,17.10.2023,06.11.2023,21,21205,4282509.0,509.0,$,games,WA,ended,12
1,https://www.kicktraq.com/projects/purpleplantgames/nujum/,17.10.2023,07.11.2023,22,573,11101.0,10000.0,£,games,UK,ended,4
1,https://www.kicktraq.com/projects/d2l/dark-2-light-the-card-game/,06.10.2023,07.11.2023,32,88,5352.0,4000.0,$,games,OH,ended,4
1,https://www.kicktraq.com/projects/customboxwargames/custom-box-dragons-lake-for-wargames-material/,08.10.2023,07.11.2023,31,12,408.0,150.0,€,games,Spain,ended,1
1,https://www.kicktraq.com/projects/gaia-miniatures/hot-demons-and-succubi-moaning-from-the-underworld-vol1/,24.10.2023,07.11.2023,15,198,2986.0,750.0,€,games,Spain,ended,0
1,https://www.kicktraq.com/projects/witches-essentials/the-tarot-of-aphrodite-2nd-edition/,17.10.2023,07.11.2023,22,240,17002.0,2000.0,€,games,Germany,ended,1
1,https://www.kicktraq.com/projects/aromix/aromix-world-1st-magnetic-detachable-essential-oil-diffuser/,08.10.2023,07.11.2023,31,58,9907.0,3000.0,$,design,CA,ended,0
1,https://www.kicktraq.com/projects/graceduong/healing-herbology-oracle-deck/,25.09.2023,06.11.2023,43,235,20677.0,20000.0,$,publishing,PA,ended,10
1,https://www.kicktraq.com/projects/solidteknics/solidteknics-nonitm-light-stainless-steel-cookware-range/,04.10.2023,07.11.2023,34,1447,422547.0,20000.0,$,design,AU,ended,1
1,https://www.kicktraq.com/projects/nerduragames/true-d6/,10.10.2023,07.11.2023,29,618,3410.0,100.0,€,games,Italy,ended,6
1,https://www.kicktraq.com/projects/relicsandlegends/relics-and-legends-special-edition-hardcovers/,07.10.2023,07.11.2023,31,35,4104.0,3200.0,$,publishing,AU,ended,8
1,https://www.kicktraq.com/projects/cirsova/wild-stars-orphan-of-the-shadowy-moons/,05.10.2023,06.11.2023,33,68,2760.0,1600.0,$,publishing,AR,ended,5
